pcourt,mcourt,court_code
海淀区人民法院,北京市第一中级人民法院,114
石景山区人民法院,北京市第一中级人民法院,113
门头沟区人民法院,北京市第一中级人民法院,115
昌平区人民法院,北京市第一中级人民法院,117
延庆区人民法院,北京市第一中级人民法院,119
东城区人民法院,北京市第二中级人民法院,121
丰台区人民法院,北京市第二中级人民法院,124
西城区人民法院,北京市第二中级人民法院,12A
房山区人民法院,北京市第二中级人民法院,12B
大兴区人民法院,北京市第二中级人民法院,12C
北京互联网人民法院,北京市第四中级人民法院,
朝阳区人民法院,北京市第三中级人民法院,141
通州区人民法院,北京市第三中级人民法院,143
顺义区人民法院,北京市第三中级人民法院,142
怀柔区人民法院,北京市第三中级人民法院,145
平谷区人民法院,北京市第三中级人民法院,144
密云区人民法院,北京市第三中级人民法院,146
和平区人民法院,天津市第一中级人民法院,211
南开区人民法院,天津市第一中级人民法院,212
河北区人民法院,天津市第二中级人民法院,223
红桥区人民法院,天津市第一中级人民法院,214
西青区人民法院,天津市第一中级人民法院,215
北辰区人民法院,天津市第二中级人民法院,228
武清区人民法院,天津市第一中级人民法院,217
宝坻区人民法院,天津市第一中级人民法院,219
静海区人民法院,天津市第二中级人民法院,229
蓟州区人民法院,天津市第一中级人民法院,21A
河东区人民法院,天津市第二中级人民法院,221
河西区人民法院,天津市第二中级人民法院,222
东丽区人民法院,天津市第三中级人民法院,232
津南区人民法院,天津市第二中级人民法院,227
宁河区人民法院,天津市第三中级人民法院,233
天津市滨海新区人民法院,天津市第三中级人民法院,231
长安区人民法院,石家庄市中级人民法院,R18
桥西区人民法院,石家庄市中级人民法院,313
新华区人民法院,石家庄市中级人民法院,314
裕华区人民法院,石家庄市中级人民法院,315
井陉县人民法院,石家庄市中级人民法院,316
鹿泉区人民法院,石家庄市中级人民法院,317
正定县人民法院,石家庄市中级人民法院,318
栾城区人民法院,石家庄市中级人民法院,319
辛集市人民法院,石家庄市中级人民法院,31A
藁城区人民法院,石家庄市中级人民法院,31B
晋州市人民法院,石家庄市中级人民法院,31C
深泽县人民法院,石家庄市中级人民法院,31D
无极县人民法院,石家庄市中级人民法院,31E
赵县人民法院,石家庄市中级人民法院,31F
新乐市人民法院,石家庄市中级人民法院,31G
高邑县人民法院,石家庄市中级人民法院,31H
元氏县人民法院,石家庄市中级人民法院,31I
赞皇县人民法院,石家庄市中级人民法院,31J
平山县人民法院,石家庄市中级人民法院,31K
灵寿县人民法院,石家庄市中级人民法院,31L
行唐县人民法院,石家庄市中级人民法院,31M
井陉矿区人民法院,石家庄市中级人民法院,31N
石家庄高新技术产业开发区人民法院,石家庄市中级人民法院,31O
路南区人民法院,唐山市中级人民法院,321
路北区人民法院,唐山市中级人民法院,322
古冶区人民法院,唐山市中级人民法院,323
开平区人民法院,唐山市中级人民法院,324
丰润区人民法院,唐山市中级人民法院,326
丰南区人民法院,唐山市中级人民法院,327
滦县人民法院,唐山市中级人民法院,328
滦南县人民法院,唐山市中级人民法院,329
乐亭县人民法院,唐山市中级人民法院,32A
迁安市人民法院,唐山市中级人民法院,32B
迁西县人民法院,唐山市中级人民法院,32C
遵化市人民法院,唐山市中级人民法院,32D
玉田县人民法院,唐山市中级人民法院,32E
曹妃甸区人民法院,唐山市中级人民法院,32F
唐山高新技术产业开发区人民法院,唐山市中级人民法院,32I
海港区人民法院,秦皇岛市中级人民法院,331
山海关区人民法院,秦皇岛市中级人民法院,332
北戴河区人民法院,秦皇岛市中级人民法院,333
昌黎县人民法院,秦皇岛市中级人民法院,334
卢龙县人民法院,秦皇岛市中级人民法院,336
抚宁县人民法院,秦皇岛市中级人民法院,335
青龙县人民法院,秦皇岛市中级人民法院,337
秦皇岛经济技术开发区人民法院,秦皇岛市中级人民法院,338
北戴河新区人民法院,秦皇岛市中级人民法院,339
丛台区人民法院,邯郸市中级人民法院,342
复兴区人民法院,邯郸市中级人民法院,343
邯山区人民法院,邯郸市中级人民法院,341
峰峰矿区人民法院,邯郸市中级人民法院,344
武安市人民法院,邯郸市中级人民法院,345
邯郸县人民法院,邯郸市中级人民法院,34K
永年县人民法院,邯郸市中级人民法院,34I
曲周县人民法院,邯郸市中级人民法院,349
馆陶县人民法院,邯郸市中级人民法院,34J
魏县人民法院,邯郸市中级人民法院,348
成安县人民法院,邯郸市中级人民法院,34E
大名县人民法院,邯郸市中级人民法院,347
涉县人民法院,邯郸市中级人民法院,34H
鸡泽县人民法院,邯郸市中级人民法院,34B
邱县人民法院,邯郸市中级人民法院,34A
广平县人民法院,邯郸市中级人民法院,34D
肥乡县人民法院,邯郸市中级人民法院,34C
临漳县人民法院,邯郸市中级人民法院,34F
磁县人民法院,邯郸市中级人民法院,34G
邯郸经济技术开发区人民法院,邯郸市中级人民法院,346
邢台桥东人民法院,邢台市中级人民法院,351
邢台桥西人民法院,邢台市中级人民法院,352
南宫市人民法院,邢台市中级人民法院,354
沙河市人民法院,邢台市中级人民法院,355
邢台县人民法院,邢台市中级人民法院,353
柏乡县人民法院,邢台市中级人民法院,358
任县人民法院,邢台市中级人民法院,35A
清河县人民法院,邢台市中级人民法院,35I
宁晋县人民法院,邢台市中级人民法院,35C
威县人民法院,邢台市中级人民法院,35H
隆尧县人民法院,邢台市中级人民法院,359
临城县人民法院,邢台市中级人民法院,356
广宗县人民法院,邢台市中级人民法院,35F
临西县人民法院,邢台市中级人民法院,35J
内丘县人民法院,邢台市中级人民法院,357
平乡县人民法院,邢台市中级人民法院,35G
巨鹿县人民法院,邢台市中级人民法院,35D
新河县人民法院,邢台市中级人民法院,35E
南和县人民法院,邢台市中级人民法院,35B
邢台经济开发区人民法院,邢台市中级人民法院,35K
竞秀区人民法院,保定市中级人民法院,361
莲池区人民法院,保定市中级人民法院,36Q
北市区人民法院,保定市中级人民法院,36Q
涿州市人民法院,保定市中级人民法院,367
定州市人民法院,保定市中级人民法院,366
安国市人民法院,保定市中级人民法院,368
高碑店市人民法院,保定市中级人民法院,36L
满城区人民法院,保定市中级人民法院,364
清苑区人民法院,保定市中级人民法院,365
涞水县人民法院,保定市中级人民法院,36G
阜平县人民法院,保定市中级人民法院,36N
徐水区人民法院,保定市中级人民法院,36A
定兴县人民法院,保定市中级人民法院,36C
唐县人民法院,保定市中级人民法院,36E
高阳县人民法院,保定市中级人民法院,36H
容城县人民法院,保定市中级人民法院,3J3
涞源县人民法院,保定市中级人民法院,36B
望都县人民法院,保定市中级人民法院,36F
安新县人民法院,保定市中级人民法院,3J1
易县人民法院,保定市中级人民法院,369
曲阳县人民法院,保定市中级人民法院,36M
蠡县人民法院,保定市中级人民法院,36P
顺平县人民法院,保定市中级人民法院,36D
博野县人民法院,保定市中级人民法院,36O
雄县人民法院,保定市中级人民法院,3J2
保定高新技术产业开发区人民法院,保定市中级人民法院,36R
张家口桥西人民法院,张家口市中级人民法院,372
张家口桥东人民法院,张家口市中级人民法院,371
宣化区人民法院,张家口市中级人民法院,373
下花园区人民法院,张家口市中级人民法院,374
宣化县人民法院,张家口市中级人民法院,373
康保县人民法院,张家口市中级人民法院,378
张北县人民法院,张家口市中级人民法院,377
阳原县人民法院,张家口市中级人民法院,37C
赤城县人民法院,张家口市中级人民法院,37H
沽源县人民法院,张家口市中级人民法院,379
怀安县人民法院,张家口市中级人民法院,37D
怀来县人民法院,张家口市中级人民法院,37F
崇礼县人民法院,张家口市中级人民法院,37I
尚义县人民法院,张家口市中级人民法院,37A
蔚县人民法院,张家口市中级人民法院,37B
涿鹿县人民法院,张家口市中级人民法院,37G
万全县人民法院,张家口市中级人民法院,37E
张家口市开发区人民法院,张家口市中级人民法院,37K
双桥区人民法院,承德市中级人民法院,381
双滦区人民法院,承德市中级人民法院,382
鹰手营子矿区人民法院,承德市中级人民法院,383
承德县人民法院,承德市中级人民法院,384
兴隆县人民法院,承德市中级人民法院,385
隆化县人民法院,承德市中级人民法院,388
平泉县人民法院,承德市中级人民法院,386
滦平县人民法院,承德市中级人民法院,387
丰宁县人民法院,承德市中级人民法院,389
围场县人民法院,承德市中级人民法院,38A
宽城县人民法院,承德市中级人民法院,38B
运河区人民法院,沧州市中级人民法院,392
沧州新华人民法院,沧州市中级人民法院,391
泊头市人民法院,沧州市中级人民法院,395
任丘市人民法院,沧州市中级人民法院,396
黄骅市人民法院,沧州市中级人民法院,397
河间市人民法院,沧州市中级人民法院,398
沧县人民法院,沧州市中级人民法院,393
青县人民法院,沧州市中级人民法院,394
献县人民法院,沧州市中级人民法院,39A
东光县人民法院,沧州市中级人民法院,39C
海兴县人民法院,沧州市中级人民法院,39F
盐山县人民法院,沧州市中级人民法院,39E
肃宁县人民法院,沧州市中级人民法院,399
南皮县人民法院,沧州市中级人民法院,39D
吴桥县人民法院,沧州市中级人民法院,39B
孟村县人民法院,沧州市中级人民法院,39G
广阳区人民法院,廊坊市中级人民法院,3AB
安次区人民法院,廊坊市中级人民法院,3A1
霸州市人民法院,廊坊市中级人民法院,3A2
三河市人民法院,廊坊市中级人民法院,3A3
固安县人民法院,廊坊市中级人民法院,3A6
永清县人民法院,廊坊市中级人民法院,3A5
香河县人民法院,廊坊市中级人民法院,3A4
大城县人民法院,廊坊市中级人民法院,3A8
文安县人民法院,廊坊市中级人民法院,3A7
大厂县人民法院,廊坊市中级人民法院,3A9
廊坊开发区人民法院,廊坊市中级人民法院,3AA
桃城区人民法院,衡水市中级人民法院,3I1
冀州市人民法院,衡水市中级人民法院,3I2
深州市人民法院,衡水市中级人民法院,3I5
饶阳县人民法院,衡水市中级人民法院,3I7
枣强县人民法院,衡水市中级人民法院,3I3
故城县人民法院,衡水市中级人民法院,3I9
阜城县人民法院,衡水市中级人民法院,3IB
安平县人民法院,衡水市中级人民法院,3I8
武邑县人民法院,衡水市中级人民法院,3I4
景县人民法院,衡水市中级人民法院,3IA
武强县人民法院,衡水市中级人民法院,3I6
杏花岭区人民法院,太原市中级人民法院,413
小店区人民法院,太原市中级人民法院,411
迎泽区人民法院,太原市中级人民法院,412
尖草坪区人民法院,太原市中级人民法院,414
万柏林区人民法院,太原市中级人民法院,415
晋源区人民法院,太原市中级人民法院,41A
古交市人民法院,太原市中级人民法院,416
阳曲县人民法院,太原市中级人民法院,418
清徐县人民法院,太原市中级人民法院,417
娄烦县人民法院,太原市中级人民法院,419
平城区人民法院,大同市中级人民法院,421
云冈区人民法院,大同市中级人民法院,423
新荣区人民法院,大同市中级人民法院,424
云州区人民法院,大同市中级人民法院,42B
天镇县人民法院,大同市中级人民法院,426
灵丘县人民法院,大同市中级人民法院,428
阳高县人民法院,大同市中级人民法院,425
左云县人民法院,大同市中级人民法院,42A
广灵县人民法院,大同市中级人民法院,427
浑源县人民法院,大同市中级人民法院,429
阳泉城区人民法院,阳泉市中级人民法院,431
阳泉矿区人民法院,阳泉市中级人民法院,432
平定县人民法院,阳泉市中级人民法院,434
盂县人民法院,阳泉市中级人民法院,435
阳泉市郊区人民法院,阳泉市中级人民法院,433
潞州区人民法院,长治市中级人民法院,441
长治郊区人民法院,长治市中级人民法院,442
潞城区人民法院,长治市中级人民法院,444
上党区人民法院,长治市中级人民法院,443
长子县人民法院,长治市中级人民法院,44A
平顺县人民法院,长治市中级人民法院,447
襄垣县人民法院,长治市中级人民法院,445
沁源县人民法院,长治市中级人民法院,44D
屯留区人民法院,长治市中级人民法院,446
黎城县人民法院,长治市中级人民法院,448
武乡县人民法院,长治市中级人民法院,44B
沁县人民法院,长治市中级人民法院,44C
壶关县人民法院,长治市中级人民法院,449
晋城城区人民法院,晋城市中级人民法院,451
高平市人民法院,晋城市中级人民法院,455
泽州县人民法院,晋城市中级人民法院,452
陵川县人民法院,晋城市中级人民法院,456
阳城县人民法院,晋城市中级人民法院,454
沁水县人民法院,晋城市中级人民法院,453
朔城区人民法院,朔州市中级人民法院,461
平鲁区人民法院,朔州市中级人民法院,462
山阴县人民法院,朔州市中级人民法院,463
右玉县人民法院,朔州市中级人民法院,465
应县人民法院,朔州市中级人民法院,464
怀仁市人民法院,朔州市中级人民法院,466
榆次区人民法院,晋中市中级人民法院,4A1
介休市人民法院,晋中市中级人民法院,4AA
昔阳县人民法院,晋中市中级人民法院,4A5
灵石县人民法院,晋中市中级人民法院,4AB
祁县人民法院,晋中市中级人民法院,4A8
左权县人民法院,晋中市中级人民法院,4A3
寿阳县人民法院,晋中市中级人民法院,4A6
太谷县人民法院,晋中市中级人民法院,4A7
和顺县人民法院,晋中市中级人民法院,4A4
平遥县人民法院,晋中市中级人民法院,4A9
榆社县人民法院,晋中市中级人民法院,4A2
盐湖区人民法院,运城市中级人民法院,4C1
河津市人民法院,运城市中级人民法院,4C8
永济市人民法院,运城市中级人民法院,4C2
闻喜县人民法院,运城市中级人民法院,4C9
新绛县人民法院,运城市中级人民法院,4C6
平陆县人民法院,运城市中级人民法院,4CC
垣曲县人民法院,运城市中级人民法院,4CD
绛县人民法院,运城市中级人民法院,4CB
稷山县人民法院,运城市中级人民法院,4C7
芮城县人民法院,运城市中级人民法院,4C3
夏县人民法院,运城市中级人民法院,4CA
万荣县人民法院,运城市中级人民法院,4C5
临猗县人民法院,运城市中级人民法院,4C4
忻府区人民法院,忻州市中级人民法院,481
原平市人民法院,忻州市中级人民法院,484
代县人民法院,忻州市中级人民法院,485
神池县人民法院,忻州市中级人民法院,489
五寨县人民法院,忻州市中级人民法院,48A
五台县人民法院,忻州市中级人民法院,483
偏关县人民法院,忻州市中级人民法院,48E
宁武县人民法院,忻州市中级人民法院,487
静乐县人民法院,忻州市中级人民法院,488
繁峙县人民法院,忻州市中级人民法院,486
河曲县人民法院,忻州市中级人民法院,48C
保德县人民法院,忻州市中级人民法院,48D
定襄县人民法院,忻州市中级人民法院,482
岢岚县人民法院,忻州市中级人民法院,48B
尧都区人民法院,临汾市中级人民法院,4B1
侯马市人民法院,临汾市中级人民法院,4B2
霍州市人民法院,临汾市中级人民法院,4B3
汾西县人民法院,临汾市中级人民法院,4BH
吉县人民法院,临汾市中级人民法院,4BB
安泽县人民法院,临汾市中级人民法院,4B9
大宁县人民法院,临汾市中级人民法院,4BE
浮山县人民法院,临汾市中级人民法院,4BA
古县人民法院,临汾市中级人民法院,4B8
隰县人民法院,临汾市中级人民法院,4BG
襄汾县人民法院,临汾市中级人民法院,4B6
翼城县人民法院,临汾市中级人民法院,4B5
永和县人民法院,临汾市中级人民法院,4BF
乡宁县人民法院,临汾市中级人民法院,4BC
曲沃县人民法院,临汾市中级人民法院,4B4
洪洞县人民法院,临汾市中级人民法院,4B7
蒲县人民法院,临汾市中级人民法院,4BD
离石区人民法院,吕梁市中级人民法院,49B
孝义市人民法院,吕梁市中级人民法院,494
汾阳市人民法院,吕梁市中级人民法院,491
文水县人民法院,吕梁市中级人民法院,492
中阳县人民法院,吕梁市中级人民法院,49C
兴县人民法院,吕梁市中级人民法院,495
临县人民法院,吕梁市中级人民法院,496
方山县人民法院,吕梁市中级人民法院,49A
柳林县人民法院,吕梁市中级人民法院,497
岚县人民法院,吕梁市中级人民法院,499
交口县人民法院,吕梁市中级人民法院,49D
交城县人民法院,吕梁市中级人民法院,493
石楼县人民法院,吕梁市中级人民法院,498
太原铁路运输人民法院,太原铁路中级人民法院,
大同铁路运输人民法院,太原铁路中级人民法院,
临汾铁路运输人民法院,太原铁路中级人民法院,
新城区人民法院,呼和浩特市中级人民法院,511
回民区人民法院,呼和浩特市中级人民法院,512
玉泉区人民法院,呼和浩特市中级人民法院,513
赛罕区人民法院,呼和浩特市中级人民法院,514
土默特左旗人民法院,呼和浩特市中级人民法院,515
托克托县人民法院,呼和浩特市中级人民法院,516
和林格尔县人民法院,呼和浩特市中级人民法院,518
清水河县人民法院,呼和浩特市中级人民法院,519
武川县人民法院,呼和浩特市中级人民法院,517
东河区人民法院,包头市中级人民法院,521
昆都仑区人民法院,包头市中级人民法院,522
青山区人民法院,包头市中级人民法院,523
石拐区人民法院,包头市中级人民法院,524
白云鄂博矿区人民法院,包头市中级人民法院,525
九原区人民法院,包头市中级人民法院,526
土默特右旗人民法院,包头市中级人民法院,527
固阳县人民法院,包头市中级人民法院,528
达尔罕茂明安联合旗人民法院,包头市中级人民法院,529
包头开发区人民法院,包头市中级人民法院,52A
海勃湾区人民法院,乌海市中级人民法院,531
海南区人民法院,乌海市中级人民法院,532
乌达区人民法院,乌海市中级人民法院,533
红山区人民法院,赤峰市中级人民法院,541
元宝山区人民法院,赤峰市中级人民法院,542
松山区人民法院,赤峰市中级人民法院,543
阿鲁科尔沁旗人民法院,赤峰市中级人民法院,544
巴林左旗人民法院,赤峰市中级人民法院,545
巴林右旗人民法院,赤峰市中级人民法院,546
林西县人民法院,赤峰市中级人民法院,547
克什克腾旗人民法院,赤峰市中级人民法院,548
翁牛特旗人民法院,赤峰市中级人民法院,549
喀喇沁旗人民法院,赤峰市中级人民法院,54A
宁城县人民法院,赤峰市中级人民法院,54B
敖汉旗人民法院,赤峰市中级人民法院,54C
科尔沁区人民法院,通辽市中级人民法院,571
霍林郭勒市人民法院,通辽市中级人民法院,576
科尔沁左翼中旗人民法院,通辽市中级人民法院,572
科尔沁左翼后旗人民法院,通辽市中级人民法院,573
开鲁县人民法院,通辽市中级人民法院,574
库伦旗人民法院,通辽市中级人民法院,577
奈曼旗人民法院,通辽市中级人民法院,575
扎鲁特旗人民法院,通辽市中级人民法院,578
东胜区人民法院,鄂尔多斯市中级人民法院,5A1
达拉特旗人民法院,鄂尔多斯市中级人民法院,5A2
准格尔旗人民法院,鄂尔多斯市中级人民法院,5A3
鄂托克前旗人民法院,鄂尔多斯市中级人民法院,5A4
鄂托克旗人民法院,鄂尔多斯市中级人民法院,5A5
杭锦旗人民法院,鄂尔多斯市中级人民法院,5A6
乌审旗人民法院,鄂尔多斯市中级人民法院,5A7
伊金霍洛旗人民法院,鄂尔多斯市中级人民法院,5A8
康巴什区人民法院,鄂尔多斯市中级人民法院,5A9
海拉尔区人民法院,呼伦贝尔市中级人民法院,551
满洲里市人民法院,呼伦贝尔市中级人民法院,55C
牙克石市人民法院,呼伦贝尔市中级人民法院,55D
扎兰屯市人民法院,呼伦贝尔市中级人民法院,552
额尔古纳市人民法院,呼伦贝尔市中级人民法院,555
根河市人民法院,呼伦贝尔市中级人民法院,556
莫力达瓦自治旗人民法院,呼伦贝尔市中级人民法院,554
鄂温克族自治旗人民法院,呼伦贝尔市中级人民法院,558
陈巴尔虎旗人民法院,呼伦贝尔市中级人民法院,55B
新巴尔虎左旗人民法院,呼伦贝尔市中级人民法院,55A
新巴尔虎右旗人民法院,呼伦贝尔市中级人民法院,559
阿荣旗人民法院,呼伦贝尔市中级人民法院,553
鄂伦春旗人民法院,呼伦贝尔市中级人民法院,557
扎赉诺尔区人民法院,呼伦贝尔市中级人民法院,55E
临河区人民法院,巴彦淖尔市中级人民法院,5B1
五原县人民法院,巴彦淖尔市中级人民法院,5B5
磴口县人民法院,巴彦淖尔市中级人民法院,5B2
乌拉特前旗人民法院,巴彦淖尔市中级人民法院,5B6
乌拉特中旗人民法院,巴彦淖尔市中级人民法院,5B3
乌拉特后旗人民法院,巴彦淖尔市中级人民法院,5B7
杭锦后旗人民法院,巴彦淖尔市中级人民法院,5B4
集宁区人民法院,乌兰察布市中级人民法院,591
丰镇市人民法院,乌兰察布市中级人民法院,599
卓资县人民法院,乌兰察布市中级人民法院,595
化德县人民法院,乌兰察布市中级人民法院,596
商都县人民法院,乌兰察布市中级人民法院,597
兴和县人民法院,乌兰察布市中级人民法院,598
凉城县人民法院,乌兰察布市中级人民法院,59A
察哈尔右翼前旗人民法院,乌兰察布市中级人民法院,59B
察哈尔右翼中旗人民法院,乌兰察布市中级人民法院,59C
察哈尔右翼后旗人民法院,乌兰察布市中级人民法院,59D
四子王旗人民法院,乌兰察布市中级人民法院,59F
二连浩特市人民法院,锡林郭勒盟中级人民法院,581
锡林浩特市人民法院,锡林郭勒盟中级人民法院,589
阿巴嘎旗人民法院,锡林郭勒盟中级人民法院,582
苏尼特左旗人民法院,锡林郭勒盟中级人民法院,58A
苏尼特右旗人民法院,锡林郭勒盟中级人民法院,583
东乌珠穆沁旗人民法院,锡林郭勒盟中级人民法院,584
西乌珠穆沁旗人民法院,锡林郭勒盟中级人民法院,585
太仆寺旗人民法院,锡林郭勒盟中级人民法院,586
镶黄旗人民法院,锡林郭勒盟中级人民法院,58B
正镶白旗人民法院,锡林郭勒盟中级人民法院,587
正蓝旗人民法院,锡林郭勒盟中级人民法院,58C
多伦县人民法院,锡林郭勒盟中级人民法院,588
乌拉盖管理区人民法院,锡林郭勒盟中级人民法院,
乌兰浩特市人民法院,兴安盟中级人民法院,561
阿尔山市人民法院,兴安盟中级人民法院,562
科尔沁右翼前旗人民法院,兴安盟中级人民法院,563
科尔沁右翼中旗人民法院,兴安盟中级人民法院,564
扎赉特旗人民法院,兴安盟中级人民法院,565
突泉县人民法院,兴安盟中级人民法院,566
阿拉善左旗人民法院,阿拉善盟中级人民法院,5C1
阿拉善右旗人民法院,阿拉善盟中级人民法院,5C3
额济纳旗人民法院,阿拉善盟中级人民法院,5C2
包头铁路运输人民法院,呼和浩特铁路中级人民法院,
呼和浩特铁路人民法院,呼和浩特铁路中级人民法院,
通辽铁路运输人民法院,呼和浩特铁路中级人民法院,
海拉尔铁路运输人民法院,呼和浩特铁路中级人民法院,
和平区人民法院,沈阳市中级人民法院,611
沈河区人民法院,沈阳市中级人民法院,612
大东区人民法院,沈阳市中级人民法院,613
皇姑区人民法院,沈阳市中级人民法院,614
铁西区人民法院,沈阳市中级人民法院,615
苏家屯区人民法院,沈阳市中级人民法院,616
浑南区人民法院,沈阳市中级人民法院,617
沈北新区人民法院,沈阳市中级人民法院,618
于洪区人民法院,沈阳市中级人民法院,619
新民市人民法院,沈阳市中级人民法院,61A
辽中区人民法院,沈阳市中级人民法院,61B
康平县人民法院,沈阳市中级人民法院,61C
法库县人民法院,沈阳市中级人民法院,61D
沈阳高新技术产业开发区人民法院,沈阳市中级人民法院,
沈阳经济技术开发区人民法院,沈阳市中级人民法院,61E
中山区人民法院,大连市中级人民法院,621
西岗区人民法院,大连市中级人民法院,622
沙河口区人民法院,大连市中级人民法院,623
甘井子区人民法院,大连市中级人民法院,625
旅顺口区人民法院,大连市中级人民法院,626
金州区人民法院,大连市中级人民法院,624
瓦房店市人民法院,大连市中级人民法院,628
普兰店市人民法院,大连市中级人民法院,62A
庄河市人民法院,大连市中级人民法院,629
长海县人民法院,大连市中级人民法院,62B
大连经济技术开发区人民法院,大连市中级人民法院,627
大连长兴岛经济技术开发区人民法院,大连市中级人民法院,62C
大连高新技术产业园区人民法院,大连市中级人民法院,62D
铁东区人民法院,鞍山市中级人民法院,631
鞍山铁西区人民法院,鞍山市中级人民法院,632
立山区人民法院,鞍山市中级人民法院,633
千山区人民法院,鞍山市中级人民法院,634
海城市人民法院,鞍山市中级人民法院,635
台安县人民法院,鞍山市中级人民法院,636
岫岩县人民法院,鞍山市中级人民法院,637
新抚区人民法院,抚顺市中级人民法院,641
东洲区人民法院,抚顺市中级人民法院,642
望花区人民法院,抚顺市中级人民法院,643
顺城区人民法院,抚顺市中级人民法院,644
抚顺县人民法院,抚顺市中级人民法院,645
清原县人民法院,抚顺市中级人民法院,647
新宾县人民法院,抚顺市中级人民法院,646
平山区人民法院,本溪市中级人民法院,651
溪湖区人民法院,本溪市中级人民法院,652
明山区人民法院,本溪市中级人民法院,653
南芬区人民法院,本溪市中级人民法院,654
本溪县人民法院,本溪市中级人民法院,655
桓仁县人民法院,本溪市中级人民法院,656
元宝区人民法院,丹东市中级人民法院,661
振兴区人民法院,丹东市中级人民法院,662
振安区人民法院,丹东市中级人民法院,663
东港市人民法院,丹东市中级人民法院,664
凤城市人民法院,丹东市中级人民法院,665
宽甸县人民法院,丹东市中级人民法院,666
古塔区人民法院,锦州市中级人民法院,671
凌河区人民法院,锦州市中级人民法院,672
太和区人民法院,锦州市中级人民法院,673
凌海市人民法院,锦州市中级人民法院,674
北镇市人民法院,锦州市中级人民法院,677
黑山县人民法院,锦州市中级人民法院,675
义县人民法院,锦州市中级人民法院,676
站前区人民法院,营口市中级人民法院,681
西市区人民法院,营口市中级人民法院,682
鲅鱼圈区人民法院,营口市中级人民法院,683
老边区人民法院,营口市中级人民法院,684
盖州市人民法院,营口市中级人民法院,686
大石桥市人民法院,营口市中级人民法院,685
海州区人民法院,阜新市中级人民法院,691
新邱区人民法院,阜新市中级人民法院,692
太平区人民法院,阜新市中级人民法院,693
清河门区人民法院,阜新市中级人民法院,694
细河区人民法院,阜新市中级人民法院,695
阜新县人民法院,阜新市中级人民法院,697
彰武县人民法院,阜新市中级人民法院,696
白塔区人民法院,辽阳市中级人民法院,6A1
文圣区人民法院,辽阳市中级人民法院,6A2
宏伟区人民法院,辽阳市中级人民法院,6A3
弓长岭区人民法院,辽阳市中级人民法院,6A4
太子河区人民法院,辽阳市中级人民法院,6A5
灯塔市人民法院,辽阳市中级人民法院,6A7
辽阳县人民法院,辽阳市中级人民法院,6A6
双台子区人民法院,盘锦市中级人民法院,6B1
兴隆台区人民法院,盘锦市中级人民法院,6B2
大洼区人民法院,盘锦市中级人民法院,6B3
盘山县人民法院,盘锦市中级人民法院,6B4
银州区人民法院,铁岭市中级人民法院,6C1
清河区人民法院,铁岭市中级人民法院,6C2
调兵山市人民法院,铁岭市中级人民法院,6C3
开原市人民法院,铁岭市中级人民法院,6C4
铁岭县人民法院,铁岭市中级人民法院,6C5
西丰县人民法院,铁岭市中级人民法院,6C6
昌图县人民法院,铁岭市中级人民法院,6C7
双塔区人民法院,朝阳市中级人民法院,6D1
龙城区人民法院,朝阳市中级人民法院,6D2
北票市人民法院,朝阳市中级人民法院,6D3
凌源市人民法院,朝阳市中级人民法院,6D6
朝阳县人民法院,朝阳市中级人民法院,6D4
建平县人民法院,朝阳市中级人民法院,6D5
喀左县人民法院,朝阳市中级人民法院,6D7
连山区人民法院,葫芦岛市中级人民法院,6E1
龙港区人民法院,葫芦岛市中级人民法院,6E3
南票区人民法院,葫芦岛市中级人民法院,6E2
兴城市人民法院,葫芦岛市中级人民法院,6E6
绥中县人民法院,葫芦岛市中级人民法院,6E4
建昌县人民法院,葫芦岛市中级人民法院,6E5
沈阳铁路运输人民法院,沈阳铁路中级人民法院,
锦州铁路运输人民法院,沈阳铁路中级人民法院,
大连铁路运输人民法院,沈阳铁路中级人民法院,
丹东铁路运输人民法院,沈阳铁路中级人民法院,
辽河人民法院,辽河中级人民法院,6G1
南关区人民法院,长春市中级人民法院,711
宽城区人民法院,长春市中级人民法院,712
长春朝阳人民法院,长春市中级人民法院,713
二道区人民法院,长春市中级人民法院,714
绿园区人民法院,长春市中级人民法院,715
双阳区人民法院,长春市中级人民法院,71A
九台区人民法院,长春市中级人民法院,716
榆树市人民法院,长春市中级人民法院,717
德惠市人民法院,长春市中级人民法院,719
农安县人民法院,长春市中级人民法院,718
长春经济技术开发区人民法院,长春市中级人民法院,71B
长春汽开区人民法院,长春市中级人民法院,71C
长春新区人民法院,长春市中级人民法院,71D
净月高新技术开发区人民法院,长春市中级人民法院,71E
吉林高新开发区人民法院,吉林市中级人民法院,72A
昌邑区人民法院,吉林市中级人民法院,721
龙潭区人民法院,吉林市中级人民法院,722
船营区人民法院,吉林市中级人民法院,723
丰满区人民法院,吉林市中级人民法院,724
蛟河市人民法院,吉林市中级人民法院,726
桦甸市人民法院,吉林市中级人民法院,725
舒兰市人民法院,吉林市中级人民法院,728
磐石市人民法院,吉林市中级人民法院,729
永吉县人民法院,吉林市中级人民法院,727
四平铁西人民法院,四平市中级人民法院,731
四平铁东人民法院,四平市中级人民法院,732
公主岭市人民法院,四平市中级人民法院,733
双辽市人民法院,四平市中级人民法院,735
梨树县人民法院,四平市中级人民法院,734
伊通县人民法院,四平市中级人民法院,736
龙山区人民法院,辽源市中级人民法院,741
西安区人民法院,辽源市中级人民法院,742
东丰县人民法院,辽源市中级人民法院,743
东辽县人民法院,辽源市中级人民法院,744
东昌区人民法院,通化市中级人民法院,751
二道江区人民法院,通化市中级人民法院,752
梅河口市人民法院,通化市中级人民法院,753
集安市人民法院,通化市中级人民法院,754
通化县人民法院,通化市中级人民法院,755
辉南县人民法院,通化市中级人民法院,756
柳河县人民法院,通化市中级人民法院,757
浑江区人民法院,白山市中级人民法院,761
江源区人民法院,白山市中级人民法院,762
临江市人民法院,白山市中级人民法院,763
抚松县人民法院,白山市中级人民法院,764
靖宇县人民法院,白山市中级人民法院,765
长白县人民法院,白山市中级人民法院,766
宁江区人民法院,松原市中级人民法院,7A1
前郭尔罗斯县人民法院,松原市中级人民法院,7A3
长岭县人民法院,松原市中级人民法院,7A4
乾安县人民法院,松原市中级人民法院,7A2
扶余县人民法院,松原市中级人民法院,7A5
洮北区人民法院,白城市中级人民法院,771
洮南市人民法院,白城市中级人民法院,772
大安市人民法院,白城市中级人民法院,773
镇赉县人民法院,白城市中级人民法院,774
通榆县人民法院,白城市中级人民法院,775
延吉市人民法院,延边中级人民法院,781
图们市人民法院,延边中级人民法院,782
敦化市人民法院,延边中级人民法院,783
珲春市人民法院,延边中级人民法院,785
龙井市人民法院,延边中级人民法院,784
和龙市人民法院,延边中级人民法院,786
汪清县人民法院,延边中级人民法院,787
安图县人民法院,延边中级人民法院,788
临江林区人民法院,长春林区中级人民法院,7C1
红石林区人民法院,长春林区中级人民法院,7C8
白石山林区人民法院,长春林区中级人民法院,7C7
江源林区人民法院,长春林区中级人民法院,7CA
抚松林区人民法院,长春林区中级人民法院,7C9
汪清林区人民法院,延边林区中级人民法院,793
和龙林区人民法院,延边林区中级人民法院,794
白河林区人民法院,延边林区中级人民法院,796
敦化林区人民法院,延边林区中级人民法院,797
珲春林区人民法院,延边林区中级人民法院,79A
吉林铁路运输人民法院,长春铁路中级人民法院,
长春铁路人民法院,长春铁路中级人民法院,
通化铁路人民法院,长春铁路中级人民法院,
延边铁路人民法院,长春铁路中级人民法院,
白城铁路人民法院,长春铁路中级人民法院,
道里区人民法院,哈尔滨市中级人民法院,811
南岗区人民法院,哈尔滨市中级人民法院,812
道外区人民法院,哈尔滨市中级人民法院,813
平房区人民法院,哈尔滨市中级人民法院,817
松北区人民法院,哈尔滨市中级人民法院,814
香坊区人民法院,哈尔滨市中级人民法院,815
呼兰区人民法院,哈尔滨市中级人民法院,819
阿城区人民法院,哈尔滨市中级人民法院,818
尚志市人民法院,哈尔滨市中级人民法院,81E
双城市人民法院,哈尔滨市中级人民法院,81D
五常市人民法院,哈尔滨市中级人民法院,81F
依兰县人民法院,哈尔滨市中级人民法院,81C
方正县人民法院,哈尔滨市中级人民法院,81B
宾县人民法院,哈尔滨市中级人民法院,81A
巴彦县人民法院,哈尔滨市中级人民法院,81G
木兰县人民法院,哈尔滨市中级人民法院,81H
通河县人民法院,哈尔滨市中级人民法院,81I
延寿县人民法院,哈尔滨市中级人民法院,81J
龙沙区人民法院,齐齐哈尔市中级人民法院,821
建华区人民法院,齐齐哈尔市中级人民法院,822
铁锋区人民法院,齐齐哈尔市中级人民法院,823
昂昂溪区人民法院,齐齐哈尔市中级人民法院,824
富拉尔基区人民法院,齐齐哈尔市中级人民法院,825
碾子山区人民法院,齐齐哈尔市中级人民法院,826
梅里斯达斡尔族人民法院,齐齐哈尔市中级人民法院,827
讷河市人民法院,齐齐哈尔市中级人民法院,829
龙江县人民法院,齐齐哈尔市中级人民法院,828
依安县人民法院,齐齐哈尔市中级人民法院,82A
泰来县人民法院,齐齐哈尔市中级人民法院,82B
甘南县人民法院,齐齐哈尔市中级人民法院,82C
富裕县人院,齐齐哈尔市中级人民法院,82D
克山县人民法院,齐齐哈尔市中级人民法院,82E
克东县人民法院,齐齐哈尔市中级人民法院,82F
拜泉县人民法院,齐齐哈尔市中级人民法院,82G
鸡冠区人民法院,鸡西市中级人民法院,831
恒山区人民法院,鸡西市中级人民法院,832
滴道区人民法院,鸡西市中级人民法院,833
梨树区人民法院,鸡西市中级人民法院,834
城子河区人民法院,鸡西市中级人民法院,835
麻山区人民法院,鸡西市中级人民法院,836
虎林市人民法院,鸡西市中级人民法院,838
密山市人民法院,鸡西市中级人民法院,839
鸡东县人民法院,鸡西市中级人民法院,837
向阳区人民法院,鹤岗市中级人民法院,841
工农区人民法院,鹤岗市中级人民法院,842
南山区人民法院,鹤岗市中级人民法院,843
兴安区人民法院,鹤岗市中级人民法院,844
东山区人民法院,鹤岗市中级人民法院,845
兴山区人民法院,鹤岗市中级人民法院,846
萝北县人民法院,鹤岗市中级人民法院,848
绥滨县人民法院,鹤岗市中级人民法院,847
尖山区人民法院,双鸭山市中级人民法院,851
岭东区人民法院,双鸭山市中级人民法院,852
四方台区人民法院,双鸭山市中级人民法院,853
双鸭山宝山人民法院,双鸭山市中级人民法院,854
集贤县人民法院,双鸭山市中级人民法院,855
友谊县人民法院,双鸭山市中级人民法院,857
宝清县人民法院,双鸭山市中级人民法院,856
饶河县人民法院,双鸭山市中级人民法院,858
萨尔图区人民法院,大庆市中级人民法院,861
龙凤区人民法院,大庆市中级人民法院,862
红岗区人民法院,大庆市中级人民法院,864
让胡路区人民法院,大庆市中级人民法院,863
大同区人民法院,大庆市中级人民法院,865
肇州县人民法院,大庆市中级人民法院,869
肇源县人民法院,大庆市中级人民法院,868
林甸县人民法院,大庆市中级人民法院,866
杜尔伯特人民法院,大庆市中级人民法院,867
大庆高新开发区人民法院,大庆市中级人民法院,86A
伊春区人民法院,伊春市中级人民法院,871
南岔区人民法院,伊春市中级人民法院,872
友好区人民法院,伊春市中级人民法院,873
西林区人民法院,伊春市中级人民法院,874
翠峦区人民法院,伊春市中级人民法院,875
新青区人民法院,伊春市中级人民法院,876
美溪区人民法院,伊春市中级人民法院,877
金山屯区人民法院,伊春市中级人民法院,879
五营区人民法院,伊春市中级人民法院,87A
乌马河区人民法院,伊春市中级人民法院,87B
汤旺河区人民法院,伊春市中级人民法院,878
带岭区人民法院,伊春市中级人民法院,87C
乌伊岭区人民法院,伊春市中级人民法院,87D
红星区人民法院,伊春市中级人民法院,87E
上甘岭区人民法院,伊春市中级人民法院,87F
铁力市人民法院,伊春市中级人民法院,87G
嘉荫县人民法院,伊春市中级人民法院,87H
朗乡林区人民法院,伊春市中级人民法院,87I
双丰林区人民法院,伊春市中级人民法院,87J
桃山林区人民法院,伊春市中级人民法院,87G
铁力林区人民法院,伊春市中级人民法院,87G
向阳区人民法院,佳木斯市中级人民法院,882
前进区人民法院,佳木斯市中级人民法院,883
东风区人民法院,佳木斯市中级人民法院,884
佳木斯郊区人民法院,佳木斯市中级人民法院,885
同江市人民法院,佳木斯市中级人民法院,886
富锦市人民法院,佳木斯市中级人民法院,887
桦南县人民法院,佳木斯市中级人民法院,888
桦川县人民法院,佳木斯市中级人民法院,889
汤原县人民法院,佳木斯市中级人民法院,88A
抚远县人民法院,佳木斯市中级人民法院,88B
新兴区人民法院,七台河市中级人民法院,891
桃山区人民法院,七台河市中级人民法院,892
茄子河区人民法院,七台河市中级人民法院,893
勃利县人民法院,七台河市中级人民法院,894
东安区人民法院,牡丹江市中级人民法院,8A1
阳明区人民法院,牡丹江市中级人民法院,8A2
爱民区人民法院,牡丹江市中级人民法院,8A3
牡丹江西安人民法院,牡丹江市中级人民法院,8A4
绥芬河市人民法院,牡丹江市中级人民法院,8A5
海林市人民法院,牡丹江市中级人民法院,8A7
宁安市人民法院,牡丹江市中级人民法院,8A6
穆棱市人民法院,牡丹江市中级人民法院,8A8
东宁市人民法院,牡丹江市中级人民法院,8A9
林口县人民法院,牡丹江市中级人民法院,8AA
爱辉区人民法院,黑河市中级人民法院,8D1
北安市人民法院,黑河市中级人民法院,8D2
五大连池市人民法院,黑河市中级人民法院,8D3
嫩江县人民法院,黑河市中级人民法院,8D4
逊克县人民法院,黑河市中级人民法院,8D5
孙吴县人民法院,黑河市中级人民法院,8D6
北林区人民法院,绥化市中级人民法院,8CA
安达市人民法院,绥化市中级人民法院,8C1
肇东市人民法院,绥化市中级人民法院,8C2
海伦市人民法院,绥化市中级人民法院,8C3
望奎县人民法院,绥化市中级人民法院,8C4
兰西县人民法院,绥化市中级人民法院,8C5
青冈县人民法院,绥化市中级人民法院,8C6
庆安县人民法院,绥化市中级人民法院,8C7
明水县人民法院,绥化市中级人民法院,8C8
绥棱县人民法院,绥化市中级人民法院,8C9
加格达奇区人民法院,大兴安岭中级人民法院,8E1
松岭区人民法院,大兴安岭中级人民法院,8E2
新林区人民法院,大兴安岭中级人民法院,8E3
呼中区人民法院,大兴安岭中级人民法院,8E4
呼玛县人民法院,大兴安岭中级人民法院,8E5
塔河县人民法院,大兴安岭中级人民法院,8E6
漠河市人民法院,大兴安岭中级人民法院,8E7
图强林区人民法院,大兴安岭中级人民法院,8E8
阿木尔林区人民法院,大兴安岭中级人民法院,8E9
十八站林区人民法院,大兴安岭中级人民法院,8EA
哈尔滨铁路运输人民法院,哈尔滨铁路中级人民法院,
牡丹江铁路运输人民法院,哈尔滨铁路中级人民法院,
佳木斯铁路运输人民法院,哈尔滨铁路中级人民法院,
齐齐哈尔铁路运输人民法院,哈尔滨铁路中级人民法院,
亚布力人民法院,黑龙江省林区中级人民法院,8G1
双桦人民法院,黑龙江省林区中级人民法院,8GB
东方红人民法院,黑龙江省林区中级人民法院,8GM
沿江人民法院,黑龙江省林区中级人民法院,8G6
鹤北人民法院,黑龙江省林区中级人民法院,8GC
绥阳人民法院,黑龙江省林区中级人民法院,8GK
诺敏河人民法院,黑龙江省林区中级人民法院,8G7
宝泉岭农垦人民法院,农垦中级人民法院,8J1
建三江农垦人民法院,农垦中级人民法院,8J2
红兴隆农垦人民法院,农垦中级人民法院,8J3
九三农垦人民法院,农垦中级人民法院,8J4
绥北人民法院,农垦中级人民法院,8J5
浦东新区人民法院,上海市第一中级人民法院,916
徐汇区人民法院,上海市第一中级人民法院,913
长宁区人民法院,上海市第一中级人民法院,914
闵行区人民法院,上海市第一中级人民法院,915
松江区人民法院,上海市第一中级人民法院,919
金山区人民法院,上海市第一中级人民法院,91A
奉贤区人民法院,上海市第一中级人民法院,918
黄浦区人民法院,上海市第二中级人民法院,921
杨浦区人民法院,上海市第二中级人民法院,926
虹口区人民法院,上海市第二中级人民法院,925
静安区人民法院,上海市第二中级人民法院,922
普陀区人民法院,上海市第二中级人民法院,923
宝山区人民法院,上海市第二中级人民法院,927
嘉定区人民法院,上海市第二中级人民法院,928
青浦区人民法院,上海市第二中级人民法院,929
崇明县人民法院,上海市第二中级人民法院,92A
上海铁路运输人民法院,上海铁路中级人民法院,
玄武区人民法院,南京市中级人民法院,A11
白下区人民法院,南京市中级人民法院,A13
秦淮区人民法院,南京市中级人民法院,A13
建邺区人民法院,南京市中级人民法院,A14
鼓楼区人民法院,南京市中级人民法院,A15
下关区人民法院,南京市中级人民法院,A15
浦口区人民法院,南京市中级人民法院,A17
栖霞区人民法院,南京市中级人民法院,A19
雨花台区人民法院,南京市中级人民法院,A1A
江宁区人民法院,南京市中级人民法院,A1B
六合区人民法院,南京市中级人民法院,A1D
溧水县人民法院,南京市中级人民法院,A1E
高淳县人民法院,南京市中级人民法院,A1F
江宁开发区人民法院,南京市中级人民法院,A1B
锡山区人民法院,无锡市中级人民法院,A28
惠山区人民法院,无锡市中级人民法院,A24
滨湖区人民法院,无锡市中级人民法院,A25
江阴市人民法院,无锡市中级人民法院,A26
宜兴市人民法院,无锡市中级人民法院,A27
新吴区人民法院,无锡市中级人民法院,A2B
梁溪区人民法院,无锡市中级人民法院,A2A
无锡高新区人民法院,无锡市中级人民法院,A29
徐州鼓楼区人民法院,徐州市中级人民法院,A31
云龙区人民法院,徐州市中级人民法院,A32
贾汪区人民法院,徐州市中级人民法院,A34
泉山区人民法院,徐州市中级人民法院,A35
铜山区人民法院,徐州市中级人民法院,A39
新沂市人民法院,徐州市中级人民法院,A36
邳州市人民法院,徐州市中级人民法院,A3B
丰县人民法院,徐州市中级人民法院,A37
沛县人民法院,徐州市中级人民法院,A38
睢宁县人民法院,徐州市中级人民法院,A3A
徐州经济技术开发区人民法院,徐州市中级人民法院,A3C
天宁区人民法院,常州市中级人民法院,A41
钟楼区人民法院,常州市中级人民法院,A42
戚墅堰区人民法院,常州市中级人民法院,A45
新北区人民法院,常州市中级人民法院,A44
武进区人民法院,常州市中级人民法院,A45
溧阳市人民法院,常州市中级人民法院,A47
金坛市人民法院,常州市中级人民法院,A46
常州高新技术产业开发区人民法院,常州市中级人民法院,A44
常州经济开发区人民法院,常州市中级人民法院,A49
姑苏区人民法院,苏州市中级人民法院,A5D
平江区人民法院,苏州市中级人民法院,I69
金阊区人民法院,苏州市中级人民法院,A5D
虎丘区人民法院,苏州市中级人民法院,A54
吴中区人民法院,苏州市中级人民法院,A59
相城区人民法院,苏州市中级人民法院,A5B
常熟市人民法院,苏州市中级人民法院,A56
张家港市人民法院,苏州市中级人民法院,A55
昆山市人民法院,苏州市中级人民法院,A57
吴江区人民法院,苏州市中级人民法院,A5A
太仓市人民法院,苏州市中级人民法院,A58
苏州工业园区人民法院,苏州市中级人民法院,A5C
苏州高新区人民法院,苏州市中级人民法院,A54
崇川区人民法院,南通市中级人民法院,A61
港闸区人民法院,南通市中级人民法院,A62
南通通州区人民法院,南通市中级人民法院,A67
启东市人民法院,南通市中级人民法院,A63
如皋市人民法院,南通市中级人民法院,A64
海门市人民法院,南通市中级人民法院,A68
海安县人民法院,南通市中级人民法院,A65
如东县人民法院,南通市中级人民法院,A66
南通经济技术开发区人民法院,南通市中级人民法院,A69
连云区人民法院,连云港市中级人民法院,A71
新浦区人民法院,连云港市中级人民法院,A74
海州区人民法院,连云港市中级人民法院,691
赣榆县人民法院,连云港市中级人民法院,A75
东海县人民法院,连云港市中级人民法院,A76
灌云县人民法院,连云港市中级人民法院,A77
灌南县人民法院,连云港市中级人民法院,A78
连云港经济技术开发区人民法院,连云港市中级人民法院,A79
清河区人民法院,淮安市中级人民法院,A8F
淮安区人民法院,淮安市中级人民法院,A84
淮阴区人民法院,淮安市中级人民法院,A85
清江浦区人民法院,淮安市中级人民法院,A8F
涟水县人民法院,淮安市中级人民法院,A89
洪泽县人民法院,淮安市中级人民法院,A8B
盱眙县人民法院,淮安市中级人民法院,A8C
金湖县人民法院,淮安市中级人民法院,A8D
淮安经济技术开发区人民法院,淮安市中级人民法院,A8E
亭湖区人民法院,盐城市中级人民法院,A91
盐都区人民法院,盐城市中级人民法院,A92
东台市人民法院,盐城市中级人民法院,A93
大丰市人民法院,盐城市中级人民法院,A99
响水县人民法院,盐城市中级人民法院,A94
滨海县人民法院,盐城市中级人民法院,A95
阜宁县人民法院,盐城市中级人民法院,A96
射阳县人民法院,盐城市中级人民法院,A97
建湖县人民法院,盐城市中级人民法院,A98
盐城经济技术开发区人民法院,盐城市中级人民法院,A9A
广陵区人民法院,扬州市中级人民法院,AA1
邗江区人民法院,扬州市中级人民法院,AAB
仪征市人民法院,扬州市中级人民法院,AA3
高邮市人民法院,扬州市中级人民法院,AA6
江都市人民法院,扬州市中级人民法院,AAD
宝应县人民法院,扬州市中级人民法院,AA7
扬州经济技术开发区人民法院,扬州市中级人民法院,AAE
京口区人民法院,镇江市中级人民法院,AB1
润州区人民法院,镇江市中级人民法院,AB2
丹徒区人民法院,镇江市中级人民法院,AB4
丹阳市人民法院,镇江市中级人民法院,AB3
扬中市人民法院,镇江市中级人民法院,AB6
句容市人民法院,镇江市中级人民法院,AB5
镇江经济技术开发区人民法院,镇江市中级人民法院,AB7
海陵区人民法院,泰州市中级人民法院,AC1
高港区人民法院,泰州市中级人民法院,AC6
兴化市人民法院,泰州市中级人民法院,AC2
靖江市人民法院,泰州市中级人民法院,AC3
泰兴市人民法院,泰州市中级人民法院,AC4
姜堰区人民法院,泰州市中级人民法院,AC5
医药高新技术产业开发区人民法院,泰州市中级人民法院,AC7
宿城区人民法院,宿迁市中级人民法院,AD1
宿豫区人民法院,宿迁市中级人民法院,AD2
沭阳县人民法院,宿迁市中级人民法院,AD5
泗阳县人民法院,宿迁市中级人民法院,AD3
泗洪县人民法院,宿迁市中级人民法院,AD4
上城区人民法院,杭州市中级人民法院,B11
下城区人民法院,杭州市中级人民法院,B12
江干区人民法院,杭州市中级人民法院,B13
拱墅区人民法院,杭州市中级人民法院,B14
西湖区人民法院,杭州市中级人民法院,B15
滨江区人民法院,杭州市中级人民法院,B16
萧山区人民法院,杭州市中级人民法院,B17
余杭区人民法院,杭州市中级人民法院,B1B
建德市人民法院,杭州市中级人民法院,B1C
富阳市人民法院,杭州市中级人民法院,B19
临安区人民法院,杭州市中级人民法院,B1A
桐庐县人民法院,杭州市中级人民法院,B18
淳安县人民法院,杭州市中级人民法院,B1D
杭州经济技术开发区人民法院,杭州市中级人民法院,B1E
杭州互联网人民法院,杭州市中级人民法院,
海曙区人民法院,宁波市中级人民法院,B21
江东区人民法院,宁波市中级人民法院,B22
江北区人民法院,宁波市中级人民法院,B23
北仑区人民法院,宁波市中级人民法院,B24
镇海区人民法院,宁波市中级人民法院,B25
鄞州区人民法院,宁波市中级人民法院,B2B
余姚市人民法院,宁波市中级人民法院,B26
慈溪市人民法院,宁波市中级人民法院,B27
奉化区人民法院,宁波市中级人民法院,B28
象山县人民法院,宁波市中级人民法院,B29
宁海县人民法院,宁波市中级人民法院,B2A
宁波高新区人民法院,宁波市中级人民法院,
鹿城区人民法院,温州市中级人民法院,B31
龙湾区人民法院,温州市中级人民法院,B32
瓯海区人民法院,温州市中级人民法院,B33
瑞安市人民法院,温州市中级人民法院,B34
乐清市人民法院,温州市中级人民法院,B36
洞头县人民法院,温州市中级人民法院,B35
永嘉县人民法院,温州市中级人民法院,B37
平阳县人民法院,温州市中级人民法院,B38
苍南县人民法院,温州市中级人民法院,B39
文成县人民法院,温州市中级人民法院,B3A
泰顺县人民法院,温州市中级人民法院,B3B
南湖区人民法院,嘉兴市中级人民法院,B41
秀洲区人民法院,嘉兴市中级人民法院,B42
海宁市人民法院,嘉兴市中级人民法院,B43
平湖市人民法院,嘉兴市中级人民法院,B44
桐乡市人民法院,嘉兴市中级人民法院,B47
嘉善县人民法院,嘉兴市中级人民法院,B45
海盐县人民法院,嘉兴市中级人民法院,B46
吴兴区人民法院,湖州市中级人民法院,B61
南浔区人民法院,湖州市中级人民法院,B65
德清县人民法院,湖州市中级人民法院,B62
长兴县人民法院,湖州市中级人民法院,B63
安吉县人民法院,湖州市中级人民法院,B64
越城区人民法院,绍兴市中级人民法院,B71
诸暨市人民法院,绍兴市中级人民法院,B72
上虞市人民法院,绍兴市中级人民法院,B74
嵊州市人民法院,绍兴市中级人民法院,B75
柯桥区人民法院,绍兴市中级人民法院,B73
新昌县人民法院,绍兴市中级人民法院,B76
婺城区人民法院,金华市中级人民法院,B81
金东区人民法院,金华市中级人民法院,B82
兰溪市人民法院,金华市中级人民法院,B83
义乌市人民法院,金华市中级人民法院,B85
东阳市人民法院,金华市中级人民法院,B84
永康市人民法院,金华市中级人民法院,B87
武义县人民法院,金华市中级人民法院,B88
浦江县人民法院,金华市中级人民法院,B89
磐安县人民法院,金华市中级人民法院,B8A
柯城区人民法院,衢州市中级人民法院,B91
衢江区人民法院,衢州市中级人民法院,B90
江山市人民法院,衢州市中级人民法院,B92
常山县人民法院,衢州市中级人民法院,B94
开化县人民法院,衢州市中级人民法院,B95
龙游县人民法院,衢州市中级人民法院,B96
定海区人民法院,舟山市中级人民法院,BA1
舟山普陀人民法院,舟山市中级人民法院,BA2
岱山县人民法院,舟山市中级人民法院,BA3
嵊泗县人民法院,舟山市中级人民法院,BA4
椒江区人民法院,台州市中级人民法院,BC1
黄岩区人民法院,台州市中级人民法院,BC2
路桥区人民法院,台州市中级人民法院,BC3
温岭市人民法院,台州市中级人民法院,BC5
临海市人民法院,台州市中级人民法院,BC4
玉环县人民法院,台州市中级人民法院,BC9
三门县人民法院,台州市中级人民法院,BC8
天台县人民法院,台州市中级人民法院,BC7
仙居县人民法院,台州市中级人民法院,BC6
莲都区人民法院,丽水市中级人民法院,BB1
龙泉市人民法院,丽水市中级人民法院,BB2
青田县人民法院,丽水市中级人民法院,BB3
缙云县人民法院,丽水市中级人民法院,BB6
遂昌县人民法院,丽水市中级人民法院,BB7
松阳县人民法院,丽水市中级人民法院,BB8
云和县人民法院,丽水市中级人民法院,BB4
庆元县人民法院,丽水市中级人民法院,BB5
景宁县人民法院,丽水市中级人民法院,BB9
瑶海区人民法院,合肥市中级人民法院,C11
庐阳区人民法院,合肥市中级人民法院,C12
蜀山区人民法院,合肥市中级人民法院,C13
包河区人民法院,合肥市中级人民法院,C14
合肥高新开发区人民法院,合肥市中级人民法院,C18
巢湖市人民法院,合肥市中级人民法院,C19
长丰县人民法院,合肥市中级人民法院,C15
肥东县人民法院,合肥市中级人民法院,C16
肥西县人民法院,合肥市中级人民法院,C17
庐江县人民法院,合肥市中级人民法院,C1A
合肥铁路运输人民法院,合肥市中级人民法院,
镜湖区人民法院,芜湖市中级人民法院,C21
弋江区人民法院,芜湖市中级人民法院,C22
鸠江区人民法院,芜湖市中级人民法院,C24
三山区人民法院,芜湖市中级人民法院,C28
芜湖县人民法院,芜湖市中级人民法院,C25
繁昌县民人民法院,芜湖市中级人民法院,C26
南陵县人民法院,芜湖市中级人民法院,C27
芜湖经济技术开发区人民法院,芜湖市中级人民法院,C2A
无为县人民法院,芜湖市中级人民法院,C29
龙子湖区人民法院,蚌埠市中级人民法院,C31
蚌山区人民法院,蚌埠市中级人民法院,C32
禹会区人民法院,蚌埠市中级人民法院,C33
淮上区人民法院,蚌埠市中级人民法院,C34
怀远县人民法院,蚌埠市中级人民法院,C35
五河县人民法院,蚌埠市中级人民法院,C36
固镇县人民法院,蚌埠市中级人民法院,C37
大通区人民法院,淮南市中级人民法院,C41
田家庵区人民法院,淮南市中级人民法院,C42
谢家集区人民法院,淮南市中级人民法院,C43
八公山区人民法院,淮南市中级人民法院,C44
潘集区人民法院,淮南市中级人民法院,C45
凤台县人民法院,淮南市中级人民法院,C46
寿县人民法院,淮南市中级人民法院,C47
花山区人民法院,马鞍山市中级人民法院,C52
雨山区人民法院,马鞍山市中级人民法院,C53
博望区人民法院,马鞍山市中级人民法院,C57
当涂县人民法院,马鞍山市中级人民法院,C54
含山县 人民法院,马鞍山市中级人民法院,C55
和县人民法院,马鞍山市中级人民法院,C56
相山区人民法院,淮北市中级人民法院,C62
杜集区人民法院,淮北市中级人民法院,C61
烈山区人民法院,淮北市中级人民法院,C63
濉溪县人民法院,淮北市中级人民法院,C64
铜官区人民法院,铜陵市中级人民法院,C76
铜陵市郊区人民法院,铜陵市中级人民法院,C73
义安区人民法院,铜陵市中级人民法院,C74
枞阳县人民法院,铜陵市中级人民法院,C75
迎江区人民法院,安庆市中级人民法院,C81
大观区人民法院,安庆市中级人民法院,C82
宜秀区人民法院,安庆市中级人民法院,C83
桐城市人民法院,安庆市中级人民法院,C84
怀宁县人民法院,安庆市中级人民法院,C85
潜山市人民法院,安庆市中级人民法院,C87
太湖县人民法院,安庆市中级人民法院,C88
宿松县人民法院,安庆市中级人民法院,C89
望江县人民法院,安庆市中级人民法院,C8A
岳西县人民法院,安庆市中级人民法院,C8B
屯溪区人民法院,黄山市中级人民法院,C92
徽州区人民法院,黄山市中级人民法院,C93
黄山区人民法院,黄山市中级人民法院,C91
歙县人民法院,黄山市中级人民法院,C94
休宁县人民法院,黄山市中级人民法院,C95
黟县人民法院,黄山市中级人民法院,C96
祁门县人民法院,黄山市中级人民法院,C97
琅琊区人民法院,滁州市中级人民法院,CC1
南谯区人民法院,滁州市中级人民法院,CC8
天长市人民法院,滁州市中级人民法院,CC2
明光市人民法院,滁州市中级人民法院,CC7
来安县人民法院,滁州市中级人民法院,CC3
全椒县人民法院,滁州市中级人民法院,CC4
定远县人民法院,滁州市中级人民法院,CC5
凤阳县人民法院,滁州市中级人民法院,CC6
颍州区人民法院,阜阳市中级人民法院,CA1
颍东区人民法院,阜阳市中级人民法院,CAB
颍泉区人民法院,阜阳市中级人民法院,CAC
界首市人民法院,阜阳市中级人民法院,CA2
临泉县人民法院,阜阳市中级人民法院,CA3
太和县人民法院,阜阳市中级人民法院,CA4
阜南县人民法院,阜阳市中级人民法院,CA7
颍上县人民法院,阜阳市中级人民法院,CA8
埇桥区人民法院,宿州市中级人民法院,CB1
砀山县人民法院,宿州市中级人民法院,CB2
萧县人民法院,宿州市中级人民法院,CB3
灵璧县人民法院,宿州市中级人民法院,CB4
泗县人民法院,宿州市中级人民法院,CB5
金安区人民法院,六安市中级人民法院,CD1
裕安区人民法院,六安市中级人民法院,CD7
叶集区人民法院,六安市中级人民法院,CD8
霍邱县人民法院,六安市中级人民法院,CD3
舒城县人民法院,六安市中级人民法院,CD4
金寨县人民法院,六安市中级人民法院,CD5
霍山县人民法院,六安市中级人民法院,CD6
谯城区人民法院,亳州市中级人民法院,CH1
涡阳县人民法院,亳州市中级人民法院,CH2
蒙城县人民法院,亳州市中级人民法院,CH3
利辛县人民法院,亳州市中级人民法院,CH4
贵池区人民法院,池州市中级人民法院,CG1
东至县人民法院,池州市中级人民法院,CG2
石台县人民法院,池州市中级人民法院,CG3
青阳县人民法院,池州市中级人民法院,CG4
九华山风景区人民法院,池州市中级人民法院,CG5
宣州区人民法院,宣城市中级人民法院,CE1
宁国市人民法院,宣城市中级人民法院,CE4
郎溪县人民法院,宣城市中级人民法院,CE2
广德县人民法院,宣城市中级人民法院,CE3
泾县人民法院,宣城市中级人民法院,CE7
绩溪县人民法院,宣城市中级人民法院,CE5
旌德县人民法院,宣城市中级人民法院,CE6
福州鼓楼区人民法院,福州市中级人民法院,B90
台江区人民法院,福州市中级人民法院,D12
仓山区人民法院,福州市中级人民法院,D13
马尾区人民法院,福州市中级人民法院,D14
晋安区人民法院,福州市中级人民法院,D15
福清市人民法院,福州市中级人民法院,D16
长乐区人民法院,福州市中级人民法院,D1C
闽侯县人民法院,福州市中级人民法院,D17
连江县人民法院,福州市中级人民法院,D18
罗源县人民法院,福州市中级人民法院,D19
闽清县人民法院,福州市中级人民法院,D1A
永泰县人民法院,福州市中级人民法院,D1B
平潭综合实验区人民法院,福州市中级人民法院,D1D
思明区人民法院,厦门市中级人民法院,D22
海沧区人民法院,厦门市中级人民法院,D28
湖里区人民法院,厦门市中级人民法院,D25
集美区人民法院,厦门市中级人民法院,D26
同安区人民法院,厦门市中级人民法院,D27
翔安区人民法院,厦门市中级人民法院,D29
城厢区人民法院,莆田市中级人民法院,D31
涵江区人民法院,莆田市中级人民法院,D32
荔城区人民法院,莆田市中级人民法院,D35
秀屿区人民法院,莆田市中级人民法院,D36
仙游县人民法院,莆田市中级人民法院,D34
梅列区人民法院,三明市中级人民法院,D41
三元区人民法院,三明市中级人民法院,D42
永安市人民法院,三明市中级人民法院,D43
明溪县人民法院,三明市中级人民法院,D44
清流县人民法院,三明市中级人民法院,D45
宁化县人民法院,三明市中级人民法院,D46
大田县人民法院,三明市中级人民法院,D47
尤溪县人民法院,三明市中级人民法院,D48
沙县人民法院,三明市中级人民法院,D49
将乐县人民法院,三明市中级人民法院,D4A
泰宁县人民法院,三明市中级人民法院,D4B
建宁县人民法院,三明市中级人民法院,D4C
鲤城区人民法院,泉州市中级人民法院,D51
丰泽区人民法院,泉州市中级人民法院,D52
洛江区人民法院,泉州市中级人民法院,D53
泉港区人民法院,泉州市中级人民法院,D55
石狮市人民法院,泉州市中级人民法院,D54
晋江市人民法院,泉州市中级人民法院,D56
南安市人民法院,泉州市中级人民法院,D57
惠安县人民法院,泉州市中级人民法院,D5B
安溪县人民法院,泉州市中级人民法院,D58
永春县人民法院,泉州市中级人民法院,D59
德化县人民法院,泉州市中级人民法院,D5A
芗城区人民法院,漳州市中级人民法院,D61
龙文区人民法院,漳州市中级人民法院,D62
龙海市人民法院,漳州市中级人民法院,D63
云霄县人民法院,漳州市中级人民法院,D64
漳浦县人民法院,漳州市中级人民法院,D65
诏安县人民法院,漳州市中级人民法院,D66
长泰县人民法院,漳州市中级人民法院,D67
东山县人民法院,漳州市中级人民法院,D68
南靖县人民法院,漳州市中级人民法院,D69
平和县人民法院,漳州市中级人民法院,D6A
华安县人民法院,漳州市中级人民法院,D6B
延平区人民法院,南平市中级人民法院,D71
邵武市人民法院,南平市中级人民法院,D72
武夷山市人民法院,南平市中级人民法院,D77
建瓯市人民法院,南平市中级人民法院,D75
建阳区人民法院,南平市中级人民法院,D74
顺昌县人民法院,南平市中级人民法院,D73
浦城县人民法院,南平市中级人民法院,D76
光泽县人民法院,南平市中级人民法院,D78
松溪县人民法院,南平市中级人民法院,D79
政和县人民法院,南平市中级人民法院,D7A
新罗区人民法院,龙岩市中级人民法院,D91
漳平市人民法院,龙岩市中级人民法院,D96
长汀县人民法院,龙岩市中级人民法院,D92
永定区人民法院,龙岩市中级人民法院,I81
上杭县人民法院,龙岩市中级人民法院,D94
武平县人民法院,龙岩市中级人民法院,D95
连城县人民法院,龙岩市中级人民法院,D97
蕉城区人民法院,宁德市中级人民法院,D81
福安市人民法院,宁德市中级人民法院,D82
福鼎市人民法院,宁德市中级人民法院,D83
霞浦县人民法院,宁德市中级人民法院,D84
古田县人民法院,宁德市中级人民法院,D85
屏南县人民法院,宁德市中级人民法院,D86
寿宁县人民法院,宁德市中级人民法院,D87
周宁县人民法院,宁德市中级人民法院,D88
柘荣县人民法院,宁德市中级人民法院,D89
东湖区人民法院,南昌市中级人民法院,E11
西湖区人民法院,南昌市中级人民法院,E12
青云谱区人民法院,南昌市中级人民法院,E13
湾里区人民法院,南昌市中级人民法院,E14
青山湖区人民法院,南昌市中级人民法院,E15
南昌县人民法院,南昌市中级人民法院,E16
新建区人民法院,南昌市中级人民法院,E17
安义县人民法院,南昌市中级人民法院,E18
进贤县人民法院,南昌市中级人民法院,E19
南昌高新开发区人民法院,南昌市中级人民法院,E1A
南昌开发区人民法院,南昌市中级人民法院,E1B
昌江区人民法院,景德镇市中级人民法院,E21
珠山区人民法院,景德镇市中级人民法院,E22
乐平市人民法院,景德镇市中级人民法院,E23
浮梁县人民法院,景德镇市中级人民法院,E24
安源区人民法院,萍乡市中级人民法院,E31
湘东区人民法院,萍乡市中级人民法院,E34
莲花县人民法院,萍乡市中级人民法院,E35
上栗县人民法院,萍乡市中级人民法院,E32
芦溪县人民法院,萍乡市中级人民法院,E33
濂溪区人民法院,九江市中级人民法院,E41
浔阳区人民法院,九江市中级人民法院,E42
瑞昌市人民法院,九江市中级人民法院,E43
共青城市人民法院,九江市中级人民法院,E4D
柴桑区人民法院,九江市中级人民法院,E44
武宁县人民法院,九江市中级人民法院,E45
修水县人民法院,九江市中级人民法院,E46
永修县人民法院,九江市中级人民法院,E47
德安县人民法院,九江市中级人民法院,E48
庐山市人民法院,九江市中级人民法院,E49
都昌县人民法院,九江市中级人民法院,E4A
湖口县人民法院,九江市中级人民法院,E4B
彭泽县人民法院,九江市中级人民法院,E4C
庐山人民法院,九江市中级人民法院,E4E
渝水区人民法院,新余市中级人民法院,E51
分宜县人民法院,新余市中级人民法院,E52
月湖区人民法院,鹰潭市中级人民法院,E61
贵溪市人民法院,鹰潭市中级人民法院,E62
余江区人民法院,鹰潭市中级人民法院,E63
章贡区人民法院,赣州市中级人民法院,E71
瑞金市人民法院,赣州市中级人民法院,E7F
南康市人民法院,赣州市中级人民法院,E73
赣县区人民法院,赣州市中级人民法院,E72
信丰县人民法院,赣州市中级人民法院,E74
大余县人民法院,赣州市中级人民法院,E75
上犹县人民法院,赣州市中级人民法院,E76
崇义县人民法院,赣州市中级人民法院,E77
安远县人民法院,赣州市中级人民法院,E78
龙南县人民法院,赣州市中级人民法院,E79
定南县人民法院,赣州市中级人民法院,E7A
全南县人民法院,赣州市中级人民法院,E7B
宁都县人民法院,赣州市中级人民法院,E7C
于都县人民法院,赣州市中级人民法院,E7D
兴国县人民法院,赣州市中级人民法院,E7E
会昌县人民法院,赣州市中级人民法院,E7G
寻乌县人民法院,赣州市中级人民法院,E7H
石城县人民法院,赣州市中级人民法院,E7I
赣州经济技术开发区人民法院,赣州市中级人民法院,E7J
吉州区人民法院,吉安市中级人民法院,EA1
青原区人民法院,吉安市中级人民法院,EA2
井冈山市人民法院,吉安市中级人民法院,EA3
吉安县人民法院,吉安市中级人民法院,EA4
吉水县人民法院,吉安市中级人民法院,EA5
峡江县人民法院,吉安市中级人民法院,EA6
新干县人民法院,吉安市中级人民法院,EA7
永丰县人民法院,吉安市中级人民法院,EA8
泰和县人民法院,吉安市中级人民法院,EA9
遂川县人民法院,吉安市中级人民法院,EAA
万安县人民法院,吉安市中级人民法院,EAB
安福县人民法院,吉安市中级人民法院,EAC
永新县人民法院,吉安市中级人民法院,EAD
袁州区人民法院,宜春市中级人民法院,E81
丰城市人民法院,宜春市中级人民法院,E82
樟树市人民法院,宜春市中级人民法院,E83
高安市人民法院,宜春市中级人民法院,E84
奉新县人民法院,宜春市中级人民法院,E85
万载县人民法院,宜春市中级人民法院,E86
上高县人民法院,宜春市中级人民法院,E87
宜丰县人民法院,宜春市中级人民法院,E88
靖安县人民法院,宜春市中级人民法院,E89
铜鼓县人民法院,宜春市中级人民法院,E8A
临川区人民法院,抚州市中级人民法院,EB1
南城县人民法院,抚州市中级人民法院,EB2
黎川县人民法院,抚州市中级人民法院,EB3
南丰县人民法院,抚州市中级人民法院,EB4
崇仁县人民法院,抚州市中级人民法院,EB5
乐安县人民法院,抚州市中级人民法院,EB6
宜黄县人民法院,抚州市中级人民法院,EB7
金溪县人民法院,抚州市中级人民法院,EB8
资溪县人民法院,抚州市中级人民法院,EB9
东乡区人民法院,抚州市中级人民法院,EBA
广昌县人民法院,抚州市中级人民法院,EBB
信州区人民法院,上饶市中级人民法院,E91
德兴市人民法院,上饶市中级人民法院,E93
上饶县人民法院,上饶市中级人民法院,E92
广丰县人民法院,上饶市中级人民法院,E94
玉山县人民法院,上饶市中级人民法院,E95
铅山县人民法院,上饶市中级人民法院,E96
横峰县人民法院,上饶市中级人民法院,E97
弋阳县人民法院,上饶市中级人民法院,E98
余干县人民法院,上饶市中级人民法院,E99
鄱阳县人民法院,上饶市中级人民法院,E9A
万年县人民法院,上饶市中级人民法院,E9B
婺源县人民法院,上饶市中级人民法院,E9C
历下区人民法院,济南市中级人民法院,F11
市中区人民法院,济南市中级人民法院,F12
槐荫区人民法院,济南市中级人民法院,F13
天桥区人民法院,济南市中级人民法院,F14
历城区人民法院,济南市中级人民法院,F15
长清区人民法院,济南市中级人民法院,F17
章丘区人民法院,济南市中级人民法院,F16
平阴县人民法院,济南市中级人民法院,F18
济阳区人民法院,济南市中级人民法院,F1A
商河县人民法院,济南市中级人民法院,F19
济南高新开发区人民法院,济南市中级人民法院,F1B
市南区人民法院,青岛市中级人民法院,F21
市北区人民法院,青岛市中级人民法院,F22
四方区人民法院,青岛市中级人民法院,F22
黄岛区人民法院,青岛市中级人民法院,F27
崂山区人民法院,青岛市中级人民法院,F28
李沧区人民法院,青岛市中级人民法院,F25
城阳区人民法院,青岛市中级人民法院,F26
胶州市人民法院,青岛市中级人民法院,F2A
即墨区人民法院,青岛市中级人民法院,F29
平度市人民法院,青岛市中级人民法院,F2B
胶南市人民法院,青岛市中级人民法院,F27
莱西市人民法院,青岛市中级人民法院,F2D
淄川区人民法院,淄博市中级人民法院,F31
张店区人民法院,淄博市中级人民法院,F32
博山区人民法院,淄博市中级人民法院,F33
临淄区人民法院,淄博市中级人民法院,F34
周村区人民法院,淄博市中级人民法院,F35
桓台县人民法院,淄博市中级人民法院,F36
高青县人民法院,淄博市中级人民法院,F37
沂源县人民法院,淄博市中级人民法院,F38
淄博高新开发区人民法院,淄博市中级人民法院,F39
枣庄市中区人民法院,枣庄市中级人民法院,F41
薛城区人民法院,枣庄市中级人民法院,F42
峄城区人民法院,枣庄市中级人民法院,F43
台儿庄区人民法院,枣庄市中级人民法院,F44
山亭区人民法院,枣庄市中级人民法院,F45
滕州市人民法院,枣庄市中级人民法院,F46
东营区人民法院,东营市中级人民法院,F51
河口区人民法院,东营市中级人民法院,F52
垦利县人民法院,东营市中级人民法院,F53
利津县人民法院,东营市中级人民法院,F54
广饶县人民法院,东营市中级人民法院,F55
东营经济技术开发区人民法院,东营市中级人民法院,F56
芝罘区人民法院,烟台市中级人民法院,F61
福山区人民法院,烟台市中级人民法院,F62
牟平区人民法院,烟台市中级人民法院,F64
莱山区人民法院,烟台市中级人民法院,F63
龙口市人民法院,烟台市中级人民法院,F67
莱阳市人民法院,烟台市中级人民法院,F6B
蓬莱市人民法院,烟台市中级人民法院,F66
招远市人民法院,烟台市中级人民法院,F69
栖霞市人民法院,烟台市中级人民法院,F6A
海阳市人民法院,烟台市中级人民法院,F6C
长岛县人民法院,烟台市中级人民法院,F6D
莱州人民法院,烟台市中级人民法院,F68
烟台经济技术开发区人民法院,烟台市中级人民法院,F65
烟台高新区人民法院,烟台市中级人民法院,F6E
潍城区人民法院,潍坊市中级人民法院,F71
寒亭区人民法院,潍坊市中级人民法院,F72
坊子区人民法院,潍坊市中级人民法院,F73
奎文区人民法院,潍坊市中级人民法院,F7D
青州市人民法院,潍坊市中级人民法院,F75
诸城市人民法院,潍坊市中级人民法院,F74
寿光市人民法院,潍坊市中级人民法院,F77
安丘市人民法院,潍坊市中级人民法院,F76
高密市人民法院,潍坊市中级人民法院,F7B
昌邑市人民法院,潍坊市中级人民法院,F7A
临朐县人民法院,潍坊市中级人民法院,F78
昌乐县人民法院,潍坊市中级人民法院,F79
潍坊高新技术产业开发区人民法院,潍坊市中级人民法院,F7E
潍坊滨海经济技术开发区人民法院,潍坊市中级人民法院,
济宁市中区人民法院,济宁市中级人民法院,F82
任城区人民法院,济宁市中级人民法院,F82
曲阜市人民法院,济宁市中级人民法院,F83
兖州区人民法院,济宁市中级人民法院,F84
邹城市人民法院,济宁市中级人民法院,F85
微山县人民法院,济宁市中级人民法院,F86
鱼台县人民法院,济宁市中级人民法院,F87
金乡县人民法院,济宁市中级人民法院,F88
嘉祥县人民法院,济宁市中级人民法院,F89
汶上县人民法院,济宁市中级人民法院,F8A
泗水县人民法院,济宁市中级人民法院,F8B
梁山县人民法院,济宁市中级人民法院,F8C
济宁高新区人民法院,济宁市中级人民法院,F8D
泰山区人民法院,泰安市中级人民法院,F91
岱岳区人民法院,泰安市中级人民法院,F92
新泰市人民法院,泰安市中级人民法院,F94
肥城市人民法院,泰安市中级人民法院,F96
宁阳县人民法院,泰安市中级人民法院,F95
东平县人民法院,泰安市中级人民法院,F97
泰安高新区人民法院,泰安市中级人民法院,F98
环翠区人民法院,威海市中级人民法院,FA1
文登区人民法院,威海市中级人民法院,FA3
荣成市人民法院,威海市中级人民法院,FA2
乳山市人民法院,威海市中级人民法院,FA4
威海高区人民法院,威海市中级人民法院,FA5
经济技术开发区人民法院,威海市中级人民法院,FA6
东港区人民法院,日照市中级人民法院,FB2
岚山区人民法院,日照市中级人民法院,FB6
五莲县人民法院,日照市中级人民法院,FB4
莒县人民法院,日照市中级人民法院,FB3
日照开发区人民法院,日照市中级人民法院,FB5
莱城区人民法院,莱芜市中级人民法院,F1C
钢城区人民法院,莱芜市中级人民法院,F1D
兰山区人民法院,临沂市中级人民法院,FF1
罗庄区人民法院,临沂市中级人民法院,FFC
临沂河东区人民法院,临沂市中级人民法院,FFD
沂南县人民法院,临沂市中级人民法院,FFA
郯城县人民法院,临沂市中级人民法院,FF2
沂水县人民法院,临沂市中级人民法院,FF6
苍山县人民法院,临沂市中级人民法院,FF3
费县人民法院,临沂市中级人民法院,FF9
平邑县人民法院,临沂市中级人民法院,FF8
莒南县人民法院,临沂市中级人民法院,FF4
蒙阴县人民法院,临沂市中级人民法院,FF7
临沭县人民法院,临沂市中级人民法院,FFB
临沂经济技术开发区人民法院,临沂市中级人民法院,FFE
临沂高新区人民法院,临沂市中级人民法院,FFF
德城区人民法院,德州市中级人民法院,FD1
乐陵市人民法院,德州市中级人民法院,FD2
禹城市人民法院,德州市中级人民法院,FD8
陵县人民法院,德州市中级人民法院,FD3
宁津县人民法院,德州市中级人民法院,FDA
庆云县人民法院,德州市中级人民法院,FDB
临邑县人民法院,德州市中级人民法院,FD9
齐河县人民法院,德州市中级人民法院,FD7
平原县人民法院,德州市中级人民法院,FD4
夏津县人民法院,德州市中级人民法院,FD5
武城县人民法院,德州市中级人民法院,FD6
陵城区人民法院,德州市中级人民法院,FD3
德州经济技术开发区人民法院,德州市中级人民法院,FDC
东昌府区人民法院,聊城市中级人民法院,FE1
临清市人民法院,聊城市中级人民法院,FE2
阳谷县人民法院,聊城市中级人民法院,FE3
莘县人民法院,聊城市中级人民法院,FE4
茌平县人民法院,聊城市中级人民法院,FE5
东阿县人民法院,聊城市中级人民法院,FE6
冠县人民法院,聊城市中级人民法院,FE7
高唐县人民法院,聊城市中级人民法院,FE8
聊城经济技术开发区人民法院,聊城市中级人民法院,
滨城区人民法院,滨州市中级人民法院,FC1
惠民县人民法院,滨州市中级人民法院,FC2
阳信县人民法院,滨州市中级人民法院,FC3
无棣县人民法院,滨州市中级人民法院,FC4
沾化县人民法院,滨州市中级人民法院,FC5
博兴县人民法院,滨州市中级人民法院,FC6
邹平市人民法院,滨州市中级人民法院,FC7
滨州经济技术开发区人民法院,滨州市中级人民法院,FC8
牡丹区人民法院,菏泽市中级人民法院,FG1
曹县人民法院,菏泽市中级人民法院,FG2
单县人民法院,菏泽市中级人民法院,FG5
成武县人民法院,菏泽市中级人民法院,FG4
巨野县人民法院,菏泽市中级人民法院,FG6
郓城县人民法院,菏泽市中级人民法院,FG7
鄄城县人民法院,菏泽市中级人民法院,FG8
定陶县人民法院,菏泽市中级人民法院,FG3
东明县人民法院,菏泽市中级人民法院,FG9
菏泽经济开发区人民法院,菏泽市中级人民法院,FGA
济南铁路运输人民法院,济南铁路中级人民法院,FH1
青岛铁路运输人民法院,济南铁路中级人民法院,
中原区人民法院,郑州市中级人民法院,G11
二七区人民法院,郑州市中级人民法院,G12
管城区人民法院,郑州市中级人民法院,G16
金水区人民法院,郑州市中级人民法院,G13
上街区人民法院,郑州市中级人民法院,G14
惠济区人民法院,郑州市中级人民法院,G15
巩义市人民法院,郑州市中级人民法院,G17
荥阳市人民法院,郑州市中级人民法院,G18
新密市人民法院,郑州市中级人民法院,G1C
新郑市人民法院,郑州市中级人民法院,G1A
登封市人民法院,郑州市中级人民法院,G1B
中牟县人民法院,郑州市中级人民法院,G19
郑州高新开发区人民法院,郑州市中级人民法院,G1E
郑州航空港人民法院,郑州市中级人民法院,G1F
龙亭区人民法院,开封市中级人民法院,G21
顺河区人民法院,开封市中级人民法院,G22
开封鼓楼人民法院,开封市中级人民法院,G23
禹王台区人民法院,开封市中级人民法院,G24
金明区人民法院,开封市中级人民法院,G25
杞县人民法院,开封市中级人民法院,G26
通许县人民法院,开封市中级人民法院,G27
尉氏县人民法院,开封市中级人民法院,G28
祥符区人民法院,开封市中级人民法院,G29
兰考县人民法院,开封市中级人民法院,G2A
老城区人民法院,洛阳市中级人民法院,G31
西工区人民法院,洛阳市中级人民法院,G32
瀍河区人民法院,洛阳市中级人民法院,G33
涧西区人民法院,洛阳市中级人民法院,G34
吉利区人民法院,洛阳市中级人民法院,G35
洛龙区人民法院,洛阳市中级人民法院,G36
偃师市人民法院,洛阳市中级人民法院,G37
孟津县人民法院,洛阳市中级人民法院,G38
新安县人民法院,洛阳市中级人民法院,G39
栾川县人民法院,洛阳市中级人民法院,G3A
嵩县人民法院,洛阳市中级人民法院,G3B
汝阳县人民法院,洛阳市中级人民法院,G3C
宜阳县人民法院,洛阳市中级人民法院,G3D
洛宁县人民法院,洛阳市中级人民法院,G3E
伊川县人民法院,洛阳市中级人民法院,G3F
洛阳高新开发区人民法院,洛阳市中级人民法院,G3G
平顶山新华人民法院,平顶山市中级人民法院,G42
卫东区人民法院,平顶山市中级人民法院,G43
石龙区人民法院,平顶山市中级人民法院,G4B
湛河区人民法院,平顶山市中级人民法院,G45
舞钢市人民法院,平顶山市中级人民法院,G41
汝州市人民法院,平顶山市中级人民法院,G46
宝丰县人民法院,平顶山市中级人民法院,G47
叶县人民法院,平顶山市中级人民法院,G48
鲁山县人民法院,平顶山市中级人民法院,G49
郏县人民法院,平顶山市中级人民法院,G4A
文峰区人民法院,安阳市中级人民法院,G51
北关区人民法院,安阳市中级人民法院,G52
殷都区人民法院,安阳市中级人民法院,G53
龙安区人民法院,安阳市中级人民法院,G54
林州市人民法院,安阳市中级人民法院,G55
安阳县人民法院,安阳市中级人民法院,G56
滑县人民法院,安阳市中级人民法院,G58
内黄县人民法院,安阳市中级人民法院,G59
汤阴县人民法院,安阳市中级人民法院,G57
鹤山区人民法院,鹤壁市中级人民法院,G61
山城区人民法院,鹤壁市中级人民法院,G62
淇滨区人民法院,鹤壁市中级人民法院,G63
浚县人民法院,鹤壁市中级人民法院,G64
淇县人民法院,鹤壁市中级人民法院,G65
红旗区人民法院,新乡市中级人民法院,G71
卫滨区人民法院,新乡市中级人民法院,G72
凤泉区人民法院,新乡市中级人民法院,G73
牧野区人民法院,新乡市中级人民法院,G74
卫辉市人民法院,新乡市中级人民法院,G75
辉县市人民法院,新乡市中级人民法院,G76
新乡县人民法院,新乡市中级人民法院,G77
获嘉县人民法院,新乡市中级人民法院,G78
原阳县人民法院,新乡市中级人民法院,G79
延津县人民法院,新乡市中级人民法院,G7A
封丘县人民法院,新乡市中级人民法院,G7B
长垣县人民法院,新乡市中级人民法院,G7C
解放区人民法院,焦作市中级人民法院,G81
中站区人民法院,焦作市中级人民法院,G82
马村区人民法院,焦作市中级人民法院,G83
山阳区人民法院,焦作市中级人民法院,G84
沁阳市人民法院,焦作市中级人民法院,G85
孟州市人民法院,焦作市中级人民法院,G8A
修武县人民法院,焦作市中级人民法院,G86
博爱县人民法院,焦作市中级人民法院,G87
武陟县人民法院,焦作市中级人民法院,G88
温县人民法院,焦作市中级人民法院,G89
华龙区人民法院,濮阳市中级人民法院,G91
清丰县人民法院,濮阳市中级人民法院,G93
南乐县人民法院,濮阳市中级人民法院,G94
范县人民法院,濮阳市中级人民法院,G95
台前县人民法院,濮阳市中级人民法院,G96
濮阳县人民法院,濮阳市中级人民法院,G92
魏都区人民法院,许昌市中级人民法院,GA1
禹州市人民法院,许昌市中级人民法院,GA2
长葛市人民法院,许昌市中级人民法院,GA3
建安区人民法院,许昌市中级人民法院,GA4
鄢陵县人民法院,许昌市中级人民法院,GA5
襄城县人民法院,许昌市中级人民法院,GA6
源汇区人民法院,漯河市中级人民法院,GB1
郾城区人民法院,漯河市中级人民法院,GB4
召陵区人民法院,漯河市中级人民法院,GB5
舞阳县人民法院,漯河市中级人民法院,GB2
临颍县人民法院,漯河市中级人民法院,GB3
湖滨区人民法院,三门峡市中级人民法院,GC1
义马市人民法院,三门峡市中级人民法院,GC2
灵宝市人民法院,三门峡市中级人民法院,GC5
渑池县人民法院,三门峡市中级人民法院,GC3
陕州区人民法院,三门峡市中级人民法院,GC4
卢氏县人民法院,三门峡市中级人民法院,GC6
宛城区人民法院,南阳市中级人民法院,GG1
卧龙区人民法院,南阳市中级人民法院,GG6
邓州市人民法院,南阳市中级人民法院,GG2
南召县人民法院,南阳市中级人民法院,GG3
方城县人民法院,南阳市中级人民法院,GG4
西峡县人民法院,南阳市中级人民法院,GG5
镇平县人民法院,南阳市中级人民法院,GG7
内乡县人民法院,南阳市中级人民法院,GG8
淅川县人民法院,南阳市中级人民法院,GG9
社旗县人民法院,南阳市中级人民法院,GGA
唐河县人民法院,南阳市中级人民法院,GGB
新野县人民法院,南阳市中级人民法院,GGC
桐柏县人民法院,南阳市中级人民法院,GGD
梁园区人民法院,商丘市中级人民法院,GD1
睢阳区人民法院,商丘市中级人民法院,GD3
永城市人民法院,商丘市中级人民法院,GDC
民权县人民法院,商丘市中级人民法院,GD4
睢县人民法院,商丘市中级人民法院,GD6
宁陵县人民法院,商丘市中级人民法院,GD5
柘城县人民法院,商丘市中级人民法院,GDB
虞城县人民法院,商丘市中级人民法院,GD2
夏邑县人民法院,商丘市中级人民法院,GDA
浉河区人民法院,信阳市中级人民法院,GH1
平桥区人民法院,信阳市中级人民法院,GH4
罗山县人民法院,信阳市中级人民法院,GH9
光山县人民法院,信阳市中级人民法院,GH7
新县人民法院,信阳市中级人民法院,GHA
商城县人民法院,信阳市中级人民法院,GH8
固始县人民法院,信阳市中级人民法院,GH6
潢川县人民法院,信阳市中级人民法院,GH5
淮滨县人民法院,信阳市中级人民法院,GH3
息县人民法院,信阳市中级人民法院,GH2
川汇区人民法院,周口市中级人民法院,GE1
项城市人民法院,周口市中级人民法院,GEA
扶沟县人民法院,周口市中级人民法院,GE2
西华县人民法院,周口市中级人民法院,GE3
商水县人民法院,周口市中级人民法院,GE4
沈丘县人民法院,周口市中级人民法院,GE9
郸城县人民法院,周口市中级人民法院,GE7
淮阳县人民法院,周口市中级人民法院,GE8
太康县人民法院,周口市中级人民法院,GE5
鹿邑县人民法院,周口市中级人民法院,GE6
驿城区人民法院,驻马店市中级人民法院,GF1
西平县人民法院,驻马店市中级人民法院,GF5
上蔡县人民法院,驻马店市中级人民法院,GF6
平舆县人民法院,驻马店市中级人民法院,GF8
正阳县人民法院,驻马店市中级人民法院,GFA
确山县人民法院,驻马店市中级人民法院,GF2
泌阳县人民法院,驻马店市中级人民法院,GF3
汝南县人民法院,驻马店市中级人民法院,GF7
遂平县人民法院,驻马店市中级人民法院,GF4
新蔡县人民法院,驻马店市中级人民法院,GF9
济源市人民法院,济源中级人民法院,GJ1
郑州铁路运输人民法院,郑州铁路中级人民法院,
洛阳铁路运输人民法院,郑州铁路中级人民法院,GI2
江岸区人民法院,武汉市中级人民法院,H1A
江汉区人民法院,武汉市中级人民法院,H17
硚口区人民法院,武汉市中级人民法院,H16
汉阳区人民法院,武汉市中级人民法院,H11
武昌区人民法院,武汉市中级人民法院,H18
武汉青山人民法院,武汉市中级人民法院,H12
洪山区人民法院,武汉市中级人民法院,H14
东西湖区人民法院,武汉市中级人民法院,H19
汉南区人民法院,武汉市中级人民法院,H1B
蔡甸区人民法院,武汉市中级人民法院,H1E
江夏区人民法院,武汉市中级人民法院,H15
黄陂区人民法院,武汉市中级人民法院,H1D
新洲区人民法院,武汉市中级人民法院,H13
武汉开发区人民法院,武汉市中级人民法院,H1C
东湖新技术开发区人民法院,武汉市中级人民法院,H1F
黄石港区人民法院,黄石市中级人民法院,H21
西塞山区人民法院,黄石市中级人民法院,H22
下陆区人民法院,黄石市中级人民法院,H23
铁山区人民法院,黄石市中级人民法院,H24
大冶市人民法院,黄石市中级人民法院,H25
阳新县人民法院,黄石市中级人民法院,H26
茅箭区人民法院,十堰市中级人民法院,H31
张湾区人民法院,十堰市中级人民法院,H32
丹江口市人民法院,十堰市中级人民法院,H33
郧阳区人民法院,十堰市中级人民法院,H34
郧西县人民法院,十堰市中级人民法院,H35
竹山县人民法院,十堰市中级人民法院,H36
竹溪县人民法院,十堰市中级人民法院,H37
房县人民法院,十堰市中级人民法院,H38
神农架林区人民法院,十堰市中级人民法院,H5G
西陵区人民法院,宜昌市中级人民法院,H51
伍家岗区人民法院,宜昌市中级人民法院,H52
点军区人民法院,宜昌市中级人民法院,H53
猇亭区人民法院,宜昌市中级人民法院,H55
夷陵区人民法院,宜昌市中级人民法院,H57
宜都市人民法院,宜昌市中级人民法院,H58
当阳市人民法院,宜昌市中级人民法院,H5A
枝江市人民法院,宜昌市中级人民法院,H59
远安县人民法院,宜昌市中级人民法院,H5B
兴山县人民法院,宜昌市中级人民法院,H5C
秭归县人民法院,宜昌市中级人民法院,H5D
长阳县人民法院,宜昌市中级人民法院,H5E
五峰县人民法院,宜昌市中级人民法院,H5F
三峡坝区人民法院,宜昌市中级人民法院,H54
葛洲坝人民法院,宜昌市中级人民法院,H56
襄城区人民法院,襄阳市中级人民法院,H62
樊城区人民法院,襄阳市中级人民法院,H61
襄州区人民法院,襄阳市中级人民法院,H65
老河口市人民法院,襄阳市中级人民法院,H63
枣阳市人民法院,襄阳市中级人民法院,H64
宜城市人民法院,襄阳市中级人民法院,H66
南漳县人民法院,襄阳市中级人民法院,H67
谷城县人民法院,襄阳市中级人民法院,H68
保康县人民法院,襄阳市中级人民法院,H69
襄阳高新开发区人民法院,襄阳市中级人民法院,H6A
梁子湖区人民法院,鄂州市中级人民法院,H73
华容区人民法院,鄂州市中级人民法院,H72
鄂城区人民法院,鄂州市中级人民法院,H71
沙洋人民法院,鄂州市中级人民法院,H85
东宝区人民法院,荆门市中级人民法院,H81
掇刀区人民法院,荆门市中级人民法院,H86
钟祥市人民法院,荆门市中级人民法院,H82
京山县人民法院,荆门市中级人民法院,H83
沙洋县人民法院,荆门市中级人民法院,H84
孝南区人民法院,孝感市中级人民法院,HA1
应城市人民法院,孝感市中级人民法院,HA3
安陆市人民法院,孝感市中级人民法院,HA5
汉川市人民法院,孝感市中级人民法院,HA2
孝昌县人民法院,孝感市中级人民法院,HA7
大悟县人民法院,孝感市中级人民法院,HA6
云梦县人民法院,孝感市中级人民法院,HA4
沙市区人民法院,荆州市中级人民法院,H41
荆州区人民法院,荆州市中级人民法院,H42
石首市人民法院,荆州市中级人民法院,H44
洪湖市人民法院,荆州市中级人民法院,H45
松滋市人民法院,荆州市中级人民法院,H46
公安县人民法院,荆州市中级人民法院,H47
监利县人民法院,荆州市中级人民法院,H48
江陵县人民法院,荆州市中级人民法院,H43
黄州区人民法院,黄冈市中级人民法院,H91
麻城市人民法院,黄冈市中级人民法院,H99
武穴市人民法院,黄冈市中级人民法院,H95
团风县人民法院,黄冈市中级人民法院,H92
红安县人民法院,黄冈市中级人民法院,H97
罗田县人民法院,黄冈市中级人民法院,H98
英山县人民法院,黄冈市中级人民法院,H9A
浠水县人民法院,黄冈市中级人民法院,H93
蕲春县人民法院,黄冈市中级人民法院,H94
黄梅县人民法院,黄冈市中级人民法院,H96
咸安区人民法院,咸宁市中级人民法院,HB1
赤壁市人民法院,咸宁市中级人民法院,HB2
嘉鱼县人民法院,咸宁市中级人民法院,HB3
通城县人民法院,咸宁市中级人民法院,HB4
崇阳县人民法院,咸宁市中级人民法院,HB5
通山县人民法院,咸宁市中级人民法院,HB6
曾都区人民法院,随州市中级人民法院,HE1
广水市人民法院,随州市中级人民法院,HE2
随县人民法院,随州市中级人民法院,HE3
恩施市人民法院,恩施州中级人民法院,HC1
利川市人民法院,恩施州中级人民法院,HC4
建始县人民法院,恩施州中级人民法院,HC5
巴东县人民法院,恩施州中级人民法院,HC6
宣恩县人民法院,恩施州中级人民法院,HC7
咸丰县人民法院,恩施州中级人民法院,HC2
来凤县人民法院,恩施州中级人民法院,HC8
鹤峰县人民法院,恩施州中级人民法院,HC3
仙桃市人民法院,汉江中级人民法院,HD1
潜江市人民法院,汉江中级人民法院,HD2
天门市人民法院,汉江中级人民法院,HD3
武汉铁路运输人民法院,武汉铁路中级人民法院,HG1
襄阳铁路运输人民法院,武汉铁路中级人民法院,
芙蓉区人民法院,长沙市中级人民法院,I11
天心区人民法院,长沙市中级人民法院,I12
岳麓区人民法院,长沙市中级人民法院,I13
开福区人民法院,长沙市中级人民法院,I14
雨花区人民法院,长沙市中级人民法院,I15
浏阳市人民法院,长沙市中级人民法院,I18
长沙县人民法院,长沙市中级人民法院,I16
望城区人民法院,长沙市中级人民法院,I17
宁乡市人民法院,长沙市中级人民法院,I19
荷塘区人民法院,株洲市中级人民法院,I21
芦淞区人民法院,株洲市中级人民法院,I23
石峰区人民法院,株洲市中级人民法院,I22
天元区人民法院,株洲市中级人民法院,I24
醴陵市人民法院,株洲市中级人民法院,I25
渌口区人民法院,株洲市中级人民法院,I26
攸县人民法院,株洲市中级人民法院,I27
茶陵县人民法院,株洲市中级人民法院,I28
炎陵县人民法院,株洲市中级人民法院,I29
雨湖区人民法院,湘潭市中级人民法院,I31
岳塘区人民法院,湘潭市中级人民法院,I33
湘乡市人民法院,湘潭市中级人民法院,I37
韶山市人民法院,湘潭市中级人民法院,I36
湘潭县人民法院,湘潭市中级人民法院,I38
珠晖区人民法院,衡阳市中级人民法院,I41
雁峰区人民法院,衡阳市中级人民法院,I42
石鼓区人民法院,衡阳市中级人民法院,I43
蒸湘区人民法院,衡阳市中级人民法院,I44
南岳区人民法院,衡阳市中级人民法院,I45
耒阳市人民法院,衡阳市中级人民法院,I46
常宁市人民法院,衡阳市中级人民法院,I4B
衡阳县人民法院,衡阳市中级人民法院,I47
衡南县人民法院,衡阳市中级人民法院,I48
衡山县人民法院,衡阳市中级人民法院,I49
衡东县人民法院,衡阳市中级人民法院,I4A
祁东县人民法院,衡阳市中级人民法院,I4C
双清区人民法院,邵阳市中级人民法院,I51
大祥区人民法院,邵阳市中级人民法院,I52
北塔区人民法院,邵阳市中级人民法院,I53
武冈市人民法院,邵阳市中级人民法院,I59
邵东市人民法院,邵阳市中级人民法院,I54
新邵县人民法院,邵阳市中级人民法院,I55
邵阳县人民法院,邵阳市中级人民法院,I56
隆回县人民法院,邵阳市中级人民法院,I57
洞口县人民法院,邵阳市中级人民法院,I58
绥宁县人民法院,邵阳市中级人民法院,I5A
新宁县人民法院,邵阳市中级人民法院,I5B
城步县人民法院,邵阳市中级人民法院,I5C
岳阳楼区人民法院,岳阳市中级人民法院,I61
云溪区人民法院,岳阳市中级人民法院,I62
君山区人民法院,岳阳市中级人民法院,I63
汨罗市人民法院,岳阳市中级人民法院,I64
临湘市人民法院,岳阳市中级人民法院,I66
岳阳县人民法院,岳阳市中级人民法院,I65
华容县人民法院,岳阳市中级人民法院,I67
湘阴县人民法院,岳阳市中级人民法院,I68
平江县人民法院,岳阳市中级人民法院,I69
屈原管理区人民法院,岳阳市中级人民法院,I6A
武陵区人民法院,常德市中级人民法院,I71
鼎城区人民法院,常德市中级人民法院,I72
津市市人民法院,常德市中级人民法院,I73
安乡县人民法院,常德市中级人民法院,I79
汉寿县人民法院,常德市中级人民法院,I78
澧县人民法院,常德市中级人民法院,I76
临澧县人民法院,常德市中级人民法院,I77
桃源县人民法院,常德市中级人民法院,I74
石门县人民法院,常德市中级人民法院,I75
永定区人民法院,张家界市中级人民法院,I81
武陵源区人民法院,张家界市中级人民法院,I82
慈利县人民法院,张家界市中级人民法院,I84
桑植县人民法院,张家界市中级人民法院,I83
资阳区人民法院,益阳市中级人民法院,I91
赫山区人民法院,益阳市中级人民法院,I93
沅江市人民法院,益阳市中级人民法院,I92
南县人民法院,益阳市中级人民法院,I94
桃江县人民法院,益阳市中级人民法院,I95
安化县人民法院,益阳市中级人民法院,I96
大通湖管理区人民法院,益阳市中级人民法院,I97
北湖区人民法院,郴州市中级人民法院,IB1
苏仙区人民法院,郴州市中级人民法院,IB3
资兴市人民法院,郴州市中级人民法院,IB2
桂阳县人民法院,郴州市中级人民法院,IB4
宜章县人民法院,郴州市中级人民法院,IB6
永兴县人民法院,郴州市中级人民法院,IB5
嘉禾县人民法院,郴州市中级人民法院,IB7
临武县人民法院,郴州市中级人民法院,IB8
汝城县人民法院,郴州市中级人民法院,IB9
桂东县人民法院,郴州市中级人民法院,IBA
安仁县人民法院,郴州市中级人民法院,IBB
零陵区人民法院,永州市中级人民法院,IC1
冷水滩区人民法院,永州市中级人民法院,IC2
祁阳县人民法院,永州市中级人民法院,ICA
东安县人民法院,永州市中级人民法院,IC3
双牌县人民法院,永州市中级人民法院,IC9
道县人民法院,永州市中级人民法院,IC4
江永县人民法院,永州市中级人民法院,IC6
宁远县人民法院,永州市中级人民法院,IC5
蓝山县人民法院,永州市中级人民法院,IC7
新田县人民法院,永州市中级人民法院,IC8
江华县人民法院,永州市中级人民法院,ICB
鹤城区人民法院,怀化市中级人民法院,ID1
中方县人民法院,怀化市中级人民法院,ID3
沅陵县人民法院,怀化市中级人民法院,ID4
辰溪县人民法院,怀化市中级人民法院,ID5
溆浦县人民法院,怀化市中级人民法院,ID6
会同县人民法院,怀化市中级人民法院,ID7
麻阳县人民法院,怀化市中级人民法院,IDA
新晃县人民法院,怀化市中级人民法院,ID8
芷江县人民法院,怀化市中级人民法院,ID9
靖州县人民法院,怀化市中级人民法院,IDB
通道县人民法院,怀化市中级人民法院,IDC
洪江人民法院,怀化市中级人民法院,IDD
洪江市人民法院,怀化市中级人民法院,ID2
娄星区人民法院,娄底市中级人民法院,IA1
冷水江市人民法院,娄底市中级人民法院,IA2
涟源市人民法院,娄底市中级人民法院,IA3
双峰县人民法院,娄底市中级人民法院,IA4
新化县人民法院,娄底市中级人民法院,IA5
吉首市人民法院,湘西自治州中级人民法院,IE1
泸溪县人民法院,湘西自治州中级人民法院,IE2
凤凰县人民法院,湘西自治州中级人民法院,IE3
花垣县人民法院,湘西自治州中级人民法院,IE4
保靖县人民法院,湘西自治州中级人民法院,IE5
古丈县人民法院,湘西自治州中级人民法院,IE6
永顺县人民法院,湘西自治州中级人民法院,IE7
龙山县人民法院,湘西自治州中级人民法院,IE8
荔湾区人民法院,广州市中级人民法院,J12
越秀区人民法院,广州市中级人民法院,J13
海珠区人民法院,广州市中级人民法院,J14
天河区人民法院,广州市中级人民法院,J16
白云区人民法院,广州市中级人民法院,J18
黄埔区人民法院,广州市中级人民法院,J17
番禺区人民法院,广州市中级人民法院,J1C
花都区人民法院,广州市中级人民法院,J19
南沙区人民法院,广州市中级人民法院,J1E
萝岗区人民法院,广州市中级人民法院,J17
增城市人民法院,广州市中级人民法院,J1B
从化市人民法院,广州市中级人民法院,J1A
广东自由贸易区南沙片区人民法院,广州市中级人民法院,
广州互联网人民法院,广州市中级人民法院,
武江区人民法院,韶关市中级人民法院,J22
浈江区人民法院,韶关市中级人民法院,J23
曲江区人民法院,韶关市中级人民法院,J24
乐昌市人民法院,韶关市中级人民法院,J28
南雄市人民法院,韶关市中级人民法院,J26
始兴县人民法院,韶关市中级人民法院,J25
翁源县人民法院,韶关市中级人民法院,J29
仁化县人民法院,韶关市中级人民法院,J27
乳源县人民法院,韶关市中级人民法院,J2B
新丰县人民法院,韶关市中级人民法院,J2A
罗湖区人民法院,深圳市中级人民法院,J31
福田区人民法院,深圳市中级人民法院,J32
深圳南山人民法院,深圳市中级人民法院,J33
宝安区人民法院,深圳市中级人民法院,J34
龙岗区人民法院,深圳市中级人民法院,J35
盐田区人民法院,深圳市中级人民法院,J36
前海合作区人民法院,深圳市中级人民法院,
坪山区人民法院,深圳市中级人民法院,J39
龙华区人民法院,深圳市中级人民法院,J38
香州区人民法院,珠海市中级人民法院,J41
斗门区人民法院,珠海市中级人民法院,J43
金湾区人民法院,珠海市中级人民法院,J42
横琴新区人民法院,珠海市中级人民法院,J44
龙湖区人民法院,汕头市中级人民法院,J51
金平区人民法院,汕头市中级人民法院,J52
濠江区人民法院,汕头市中级人民法院,J54
潮阳区人民法院,汕头市中级人民法院,J59
潮南区人民法院,汕头市中级人民法院,J5A
澄海区人民法院,汕头市中级人民法院,J56
南澳县人民法院,汕头市中级人民法院,J58
禅城区人民法院,佛山市中级人民法院,J61
南海区人民法院,佛山市中级人民法院,J64
顺德区人民法院,佛山市中级人民法院,J65
三水区人民法院,佛山市中级人民法院,J63
高明区人民法院,佛山市中级人民法院,J66
蓬江区人民法院,江门市中级人民法院,J72
江海区人民法院,江门市中级人民法院,J71
新会区人民法院,江门市中级人民法院,J73
台山市人民法院,江门市中级人民法院,J74
开平市人民法院,江门市中级人民法院,J76
鹤山市人民法院,江门市中级人民法院,J77
恩平市人民法院,江门市中级人民法院,J75
赤坎区人民法院,湛江市中级人民法院,J81
霞山区人民法院,湛江市中级人民法院,J82
坡头区人民法院,湛江市中级人民法院,J83
麻章区人民法院,湛江市中级人民法院,J84
廉江市人民法院,湛江市中级人民法院,J86
雷州市人民法院,湛江市中级人民法院,J88
吴川市人民法院,湛江市中级人民法院,J85
遂溪县人民法院,湛江市中级人民法院,J87
徐闻县人民法院,湛江市中级人民法院,J89
湛江开发区人民法院,湛江市中级人民法院,J8A
茂南区人民法院,茂名市中级人民法院,J91
茂港区人民法院,茂名市中级人民法院,J94
高州市人民法院,茂名市中级人民法院,J93
化州市人民法院,茂名市中级人民法院,J95
信宜市人民法院,茂名市中级人民法院,J92
电白县人民法院,茂名市中级人民法院,J94
端州区人民法院,肇庆市中级人民法院,JE1
鼎湖区人民法院,肇庆市中级人民法院,JE2
高要区人民法院,肇庆市中级人民法院,JE3
四会市人民法院,肇庆市中级人民法院,JE4
广宁县人民法院,肇庆市中级人民法院,JE5
怀集县人民法院,肇庆市中级人民法院,JE6
封开县人民法院,肇庆市中级人民法院,JE7
德庆县人民法院,肇庆市中级人民法院,JE8
惠城区人民法院,惠州市中级人民法院,JD1
惠阳区人民法院,惠州市中级人民法院,JD2
博罗县人民法院,惠州市中级人民法院,JD3
惠东县人民法院,惠州市中级人民法院,JD4
龙门县人民法院,惠州市中级人民法院,JD5
大亚湾开发区人民法院,惠州市中级人民法院,JD6
梅江区人民法院,梅州市中级人民法院,JC1
兴宁市人民法院,梅州市中级人民法院,JC6
梅县人民法院,梅州市中级人民法院,JC2
大埔县人民法院,梅州市中级人民法院,JC3
丰顺县人民法院,梅州市中级人民法院,JC4
五华县人民法院,梅州市中级人民法院,JC5
平远县人民法院,梅州市中级人民法院,JC7
蕉岭县人民法院,梅州市中级人民法院,JC8
汕尾城区人民法院,汕尾市中级人民法院,JF1
陆丰市人民法院,汕尾市中级人民法院,JF2
海丰县人民法院,汕尾市中级人民法院,JF3
陆河县人民法院,汕尾市中级人民法院,JF4
源城区人民法院,河源市中级人民法院,JG1
紫金县人民法院,河源市中级人民法院,JG3
龙川县人民法院,河源市中级人民法院,JG6
连平县人民法院,河源市中级人民法院,JG5
和平县人民法院,河源市中级人民法院,JG4
东源县人民法院,河源市中级人民法院,JG2
江城区人民法院,阳江市中级人民法院,JH1
阳春市人民法院,阳江市中级人民法院,JH4
阳西县人民法院,阳江市中级人民法院,JH3
阳东县人民法院,阳江市中级人民法院,JH2
清城区人民法院,清远市中级人民法院,JI1
英德市人民法院,清远市中级人民法院,JI5
连州市人民法院,清远市中级人民法院,JI3
佛冈县人民法院,清远市中级人民法院,JI6
阳山县人民法院,清远市中级人民法院,JI4
连山县人民法院,清远市中级人民法院,JI8
连南县人民法院,清远市中级人民法院,JI7
清新县人民法院,清远市中级人民法院,JI2
东莞第一人民法院,东莞市中级人民法院,JB1
东莞第二人民法院,东莞市中级人民法院,JB2
东莞第三人民法院,东莞市中级人民法院,JB3
中山第一人民法院,中山市中级人民法院,JA1
中山第二人民法院,中山市中级人民法院,JA2
湘桥区人民法院,潮州市中级人民法院,JJ1
潮安县人民法院,潮州市中级人民法院,JJ2
饶平县人民法院,潮州市中级人民法院,JJ3
枫溪人民法院,潮州市中级人民法院,JJ4
榕城区人民法院,揭阳市中级人民法院,JK1
普宁市人民法院,揭阳市中级人民法院,JK5
揭东县人民法院,揭阳市中级人民法院,JK2
揭西县人民法院,揭阳市中级人民法院,JK3
惠来县人民法院,揭阳市中级人民法院,JK4
云城区人民法院,云浮市中级人民法院,JN1
罗定市人民法院,云浮市中级人民法院,JN4
新兴县人民法院,云浮市中级人民法院,JN2
郁南县人民法院,云浮市中级人民法院,JN3
云安县人民法院,云浮市中级人民法院,JN5
广州铁路运输第一人民法院,广州铁路中级人民法院,
广州铁路运输第二人民法院,广州铁路中级人民法院,
兴宁区人民法院,南宁市中级人民法院,K11
青秀区人民法院,南宁市中级人民法院,K12
江南区人民法院,南宁市中级人民法院,K14
西乡塘区人民法院,南宁市中级人民法院,K1E
良庆区人民法院,南宁市中级人民法院,K1F
邕宁区人民法院,南宁市中级人民法院,K17
武鸣区人民法院,南宁市中级人民法院,K18
隆安县人民法院,南宁市中级人民法院,K1C
马山县人民法院,南宁市中级人民法院,K1D
上林县人民法院,南宁市中级人民法院,K1B
宾阳县人民法院,南宁市中级人民法院,K1A
横县人民法院,南宁市中级人民法院,K19
城中区人民法院,柳州市中级人民法院,T12
鱼峰区人民法院,柳州市中级人民法院,K22
柳南区人民法院,柳州市中级人民法院,K23
柳北区人民法院,柳州市中级人民法院,K24
柳江区人民法院,柳州市中级人民法院,K26
柳城县人民法院,柳州市中级人民法院,K27
鹿寨县人民法院,柳州市中级人民法院,K28
融安县人民法院,柳州市中级人民法院,K29
融水县人民法院,柳州市中级人民法院,K2A
三江县人民法院,柳州市中级人民法院,K2B
秀峰区人民法院,桂林市中级人民法院,K31
叠彩区人民法院,桂林市中级人民法院,K32
象山区人民法院,桂林市中级人民法院,K33
七星区人民法院,桂林市中级人民法院,K34
雁山区人民法院,桂林市中级人民法院,K35
阳朔县人民法院,桂林市中级人民法院,K36
临桂区人民法院,桂林市中级人民法院,K37
灵川县人民法院,桂林市中级人民法院,K38
全州县人民法院,桂林市中级人民法院,K39
兴安县人民法院,桂林市中级人民法院,K3A
永福县人民法院,桂林市中级人民法院,K3B
灌阳县人民法院,桂林市中级人民法院,K3C
龙胜县人民法院,桂林市中级人民法院,K3G
资源县人民法院,桂林市中级人民法院,K3D
平乐县人民法院,桂林市中级人民法院,K3E
荔浦县人民法院,桂林市中级人民法院,K3F
恭城县人民法院,桂林市中级人民法院,K3H
万秀区人民法院,梧州市中级人民法院,K41
龙圩区人民法院,梧州市中级人民法院,K48
长洲区人民法院,梧州市中级人民法院,K43
岑溪市人民法院,梧州市中级人民法院,K45
苍梧县人民法院,梧州市中级人民法院,K44
藤县人民法院,梧州市中级人民法院,K46
蒙山县人民法院,梧州市中级人民法院,K47
海城区人民法院,北海市中级人民法院,K51
银海区人民法院,北海市中级人民法院,K52
铁山港区人民法院,北海市中级人民法院,K54
合浦县人民法院,北海市中级人民法院,K53
港口区人民法院,防城港市中级人民法院,KF2
防城区人民法院,防城港市中级人民法院,KF1
东兴市人民法院,防城港市中级人民法院,KF4
上思县人民法院,防城港市中级人民法院,KF3
钦南区人民法院,钦州市中级人民法院,KD4
钦北区人民法院,钦州市中级人民法院,KD1
灵山县人民法院,钦州市中级人民法院,KD2
浦北县人民法院,钦州市中级人民法院,KD3
港北区人民法院,贵港市中级人民法院,KG2
港南区人民法院,贵港市中级人民法院,KG1
覃塘区人民法院,贵港市中级人民法院,KG5
桂平市人民法院,贵港市中级人民法院,KG3
平南县人民法院,贵港市中级人民法院,KG4
玉州区人民法院,玉林市中级人民法院,KA1
北流市人民法院,玉林市中级人民法院,KA3
容县人民法院,玉林市中级人民法院,KA2
陆川县人民法院,玉林市中级人民法院,KA4
博白县人民法院,玉林市中级人民法院,KA6
兴业县人民法院,玉林市中级人民法院,KA5
福绵区人民法院,玉林市中级人民法院,KA7
右江区人民法院,百色市中级人民法院,KB1
田阳县人民法院,百色市中级人民法院,KB2
田东县人民法院,百色市中级人民法院,KB3
平果县人民法院,百色市中级人民法院,KB4
德保县人民法院,百色市中级人民法院,KB5
靖西县人民法院,百色市中级人民法院,KB6
那坡县人民法院,百色市中级人民法院,KB7
凌云县人民法院,百色市中级人民法院,KB8
乐业县人民法院,百色市中级人民法院,KB9
田林县人民法院,百色市中级人民法院,KBA
西林县人民法院,百色市中级人民法院,KBB
隆林县人民法院,百色市中级人民法院,KBC
八步区人民法院,贺州市中级人民法院,K92
昭平县人民法院,贺州市中级人民法院,K91
钟山县人民法院,贺州市中级人民法院,K93
富川县人民法院,贺州市中级人民法院,K94
平桂区人民法院,贺州市中级人民法院,K95
金城江区人民法院,河池市中级人民法院,KC1
宜州区人民法院,河池市中级人民法院,KC2
南丹县人民法院,河池市中级人民法院,KC3
天峨县人民法院,河池市中级人民法院,KC4
凤山县人民法院,河池市中级人民法院,KC5
东兰县人民法院,河池市中级人民法院,KC6
罗城县人民法院,河池市中级人民法院,KC7
环江县人民法院,河池市中级人民法院,KC8
巴马县人民法院,河池市中级人民法院,KC9
都安县人民法院,河池市中级人民法院,KCA
大化县人民法院,河池市中级人民法院,KCB
兴宾区人民法院,来宾市中级人民法院,K75
合山市人民法院,来宾市中级人民法院,K71
忻城县人民法院,来宾市中级人民法院,K77
象州县人民法院,来宾市中级人民法院,K73
武宣县人民法院,来宾市中级人民法院,K74
金秀县人民法院,来宾市中级人民法院,K79
江州区人民法院,崇左市中级人民法院,K67
凭祥市人民法院,崇左市中级人民法院,K61
扶绥县人民法院,崇左市中级人民法院,K6C
宁明县人民法院,崇左市中级人民法院,K6A
龙州县人民法院,崇左市中级人民法院,K6B
大新县人民法院,崇左市中级人民法院,K68
天等县人民法院,崇左市中级人民法院,K69
柳州铁路运输人民法院,南宁铁路中级人民法院,
南宁铁路运输人民法院,南宁铁路中级人民法院,
秀英区人民法院,海口市中级人民法院,L12
龙华区人民法院,海口市中级人民法院,L13
琼山区人民法院,海口市中级人民法院,L14
美兰区人民法院,海口市中级人民法院,L11
三亚市城郊人民法院,三亚市中级人民法院,L21
三沙群岛人民法院,三亚市中级人民法院,
文昌市人民法院,海南省第一中级人民法院,L32
琼海市人民法院,海南省第一中级人民法院,L33
万宁市人民法院,海南省第一中级人民法院,L34
五指山市人民法院,海南省第一中级人民法院,L3C
澄迈县人民法院,海南省第一中级人民法院,L37
定安县人民法院,海南省第一中级人民法院,L35
屯昌县人民法院,海南省第一中级人民法院,L36
陵水县人民法院,海南省第一中级人民法院,L3E
琼中县人民法院,海南省第一中级人民法院,L3G
保亭县人民法院,海南省第一中级人民法院,L3H
儋州市人民法院,海南省第二中级人民法院,L53
东方市人民法院,海南省第二中级人民法院,L54
临高县人民法院,海南省第二中级人民法院,L52
白沙县人民法院,海南省第二中级人民法院,L57
昌江县人民法院,海南省第二中级人民法院,L55
乐东县人民法院,海南省第二中级人民法院,L56
洋浦开发区人民法院,海南省第二中级人民法院,L51
沙坪坝区人民法院,重庆市第一中级人民法院,M14
江北区人民法院,重庆市第一中级人民法院,M13
北碚区人民法院,重庆市第一中级人民法院,M17
渝北区人民法院,重庆市第一中级人民法院,M1D
大足区人民法院,重庆市第一中级人民法院,M1J
合川区人民法院,重庆市第一中级人民法院,M1F
长寿区人民法院,重庆市第一中级人民法院,M1A
璧山区人民法院,重庆市第一中级人民法院,M1L
铜梁区人民法院,重庆市第一中级人民法院,M1H
潼南区人民法院,重庆市第一中级人民法院,M1G
万州区人民法院,重庆市第二中级人民法院,M21
云阳县人民法院,重庆市第二中级人民法院,M25
奉节县人民法院,重庆市第二中级人民法院,M26
巫山县人民法院,重庆市第二中级人民法院,M27
梁平区人民法院,重庆市第二中级人民法院,M24
开州区人民法院,重庆市第二中级人民法院,M22
忠县人民法院,重庆市第二中级人民法院,M23
城口县人民法院,重庆市第二中级人民法院,M29
巫溪县人民法院,重庆市第二中级人民法院,M28
涪陵区人民法院,重庆市第三中级人民法院,M31
南川区人民法院,重庆市第三中级人民法院,M34
丰都县人民法院,重庆市第三中级人民法院,M35
垫江县人民法院,重庆市第三中级人民法院,M33
武隆区人民法院,重庆市第三中级人民法院,M36
黔江区人民法院,重庆市第四中级人民法院,M43
石柱县人民法院,重庆市第四中级人民法院,M41
彭水县人民法院,重庆市第四中级人民法院,M45
酉阳县人民法院,重庆市第四中级人民法院,M44
秀山县人民法院,重庆市第四中级人民法院,M42
渝中区人民法院,重庆市第五中级人民法院,M51
南岸区人民法院,重庆市第五中级人民法院,M52
九龙坡区人民法院,重庆市第五中级人民法院,M53
大渡口区人民法院,重庆市第五中级人民法院,M55
巴南区人民法院,重庆市第五中级人民法院,M54
万盛区人民法院,重庆市第五中级人民法院,M59
永川区人民法院,重庆市第五中级人民法院,M58
江津区人民法院,重庆市第五中级人民法院,M57
綦江区人民法院,重庆市第五中级人民法院,M59
荣昌区人民法院,重庆市第五中级人民法院,M5A
锦江区人民法院,成都市中级人民法院,N11
青羊区人民法院,成都市中级人民法院,N12
金牛区人民法院,成都市中级人民法院,N15
武侯区人民法院,成都市中级人民法院,N13
成华区人民法院,成都市中级人民法院,N14
龙泉驿区人民法院,成都市中级人民法院,N16
青白江区人民法院,成都市中级人民法院,N17
新都区人民法院,成都市中级人民法院,N1E
温江区人民法院,成都市中级人民法院,N1C
都江堰市人民法院,成都市中级人民法院,N19
彭州市人民法院,成都市中级人民法院,N1F
邛崃市人民法院,成都市中级人民法院,N1I
崇州市人民法院,成都市中级人民法院,N1G
金堂县人民法院,成都市中级人民法院,N1A
双流区人民法院,成都市中级人民法院,N1B
郫都区人民法院,成都市中级人民法院,N1D
大邑县人民法院,成都市中级人民法院,N1H
蒲江县人民法院,成都市中级人民法院,N1J
新津县人民法院,成都市中级人民法院,N1K
成都高新开发区人民法院,成都市中级人民法院,N18
简阳市人民法院,成都市中级人民法院,N1L
四川自贸区人民法院,成都市中级人民法院,
自流井区人民法院,自贡市中级人民法院,N21
贡井区人民法院,自贡市中级人民法院,N22
大安区人民法院,自贡市中级人民法院,N23
沿滩区人民法院,自贡市中级人民法院,N24
荣县人民法院,自贡市中级人民法院,N25
富顺县人民法院,自贡市中级人民法院,N26
东区人民法院,攀枝花市中级人民法院,N31
西区人民法院,攀枝花市中级人民法院,N32
仁和区人民法院,攀枝花市中级人民法院,N33
米易县人民法院,攀枝花市中级人民法院,N34
盐边县人民法院,攀枝花市中级人民法院,N35
江阳区人民法院,泸州市中级人民法院,N41
纳溪区人民法院,泸州市中级人民法院,N43
龙马潭区人民法院,泸州市中级人民法院,N42
泸县人民法院,泸州市中级人民法院,N44
合江县人民法院,泸州市中级人民法院,N45
叙永县人民法院,泸州市中级人民法院,N46
古蔺县人民法院,泸州市中级人民法院,N47
旌阳区人民法院,德阳市中级人民法院,N51
广汉市人民法院,德阳市中级人民法院,N52
什邡市人民法院,德阳市中级人民法院,N55
绵竹市人民法院,德阳市中级人民法院,N53
中江县人民法院,德阳市中级人民法院,N54
罗江县人民法院,德阳市中级人民法院,N56
涪城区人民法院,绵阳市中级人民法院,N61
游仙区人民法院,绵阳市中级人民法院,N6A
江油市人民法院,绵阳市中级人民法院,N62
三台县人民法院,绵阳市中级人民法院,N63
盐亭县人民法院,绵阳市中级人民法院,N64
安县人民法院,绵阳市中级人民法院,N65
梓潼县人民法院,绵阳市中级人民法院,N66
北川县人民法院,绵阳市中级人民法院,N67
平武县人民法院,绵阳市中级人民法院,N68
科学城人民法院,绵阳市中级人民法院,N69
绵阳高新开发区人民法院,绵阳市中级人民法院,N6B
安州区人民法院,绵阳市中级人民法院,N65
利州区人民法院,广元市中级人民法院,N71
昭化区人民法院,广元市中级人民法院,N73
朝天区人民法院,广元市中级人民法院,N72
旺苍县人民法院,广元市中级人民法院,N74
青川县人民法院,广元市中级人民法院,N75
剑阁县人民法院,广元市中级人民法院,N76
苍溪县人民法院,广元市中级人民法院,N77
船山区人民法院,遂宁市中级人民法院,N81
安居区人民法院,遂宁市中级人民法院,N85
蓬溪县人民法院,遂宁市中级人民法院,N82
射洪县人民法院,遂宁市中级人民法院,N83
大英县人民法院,遂宁市中级人民法院,N84
内江市中区人民法院,内江市中级人民法院,N91
东兴区人民法院,内江市中级人民法院,N92
威远县人民法院,内江市中级人民法院,N95
资中县人民法院,内江市中级人民法院,N96
隆昌县人民法院,内江市中级人民法院,N99
乐山市中区人民法院,乐山市中级人民法院,NA1
沙湾区人民法院,乐山市中级人民法院,NA2
五通桥区人民法院,乐山市中级人民法院,NA3
金口河区人民法院,乐山市中级人民法院,NA4
峨眉山市人民法院,乐山市中级人民法院,NA5
犍为县人民法院,乐山市中级人民法院,NA6
井研县人民法院,乐山市中级人民法院,NA7
夹江县人民法院,乐山市中级人民法院,NA8
沐川县人民法院,乐山市中级人民法院,NA9
峨边县人民法院,乐山市中级人民法院,NAA
马边县人民法院,乐山市中级人民法院,NAB
顺庆区人民法院,南充市中级人民法院,NC1
高坪区人民法院,南充市中级人民法院,NC4
嘉陵区人民法院,南充市中级人民法院,NC2
阆中市人民法院,南充市中级人民法院,NC3
南部县人民法院,南充市中级人民法院,NC5
营山县人民法院,南充市中级人民法院,NC7
蓬安县人民法院,南充市中级人民法院,NC9
仪陇县人民法院,南充市中级人民法院,NCA
西充县人民法院,南充市中级人民法院,NCC
东坡区人民法院,眉山市中级人民法院,NL2
仁寿县人民法院,眉山市中级人民法院,NL1
彭山县人民法院,眉山市中级人民法院,NL4
洪雅县人民法院,眉山市中级人民法院,NL6
丹棱县人民法院,眉山市中级人民法院,NL5
青神县人民法院,眉山市中级人民法院,NL3
翠屏区人民法院,宜宾市中级人民法院,NB1
叙州区人民法院,宜宾市中级人民法院,NB2
南溪县人民法院,宜宾市中级人民法院,NB3
江安县人民法院,宜宾市中级人民法院,NB4
长宁县人民法院,宜宾市中级人民法院,NB5
高县人民法院,宜宾市中级人民法院,NB6
珙县人民法院,宜宾市中级人民法院,NB8
筠连县人民法院,宜宾市中级人民法院,NB7
兴文县人民法院,宜宾市中级人民法院,NB9
屏山县人民法院,宜宾市中级人民法院,NBA
广安区人民法院,广安市中级人民法院,NJ2
华蓥市人民法院,广安市中级人民法院,NJ1
岳池县人民法院,广安市中级人民法院,NJ3
武胜县人民法院,广安市中级人民法院,NJ4
邻水县人民法院,广安市中级人民法院,NJ5
前锋区人民法院,广安市中级人民法院,NJ6
通川区人民法院,达州市中级人民法院,ND1
万源市人民法院,达州市中级人民法院,ND2
达川区人民法院,达州市中级人民法院,ND3
宣汉县人民法院,达州市中级人民法院,ND4
开江县人民法院,达州市中级人民法院,ND5
大竹县人民法院,达州市中级人民法院,ND6
渠县人民法院,达州市中级人民法院,ND7
雨城区人民法院,雅安市中级人民法院,NE1
名山县人民法院,雅安市中级人民法院,NE2
荥经县人民法院,雅安市中级人民法院,NE3
汉源县人民法院,雅安市中级人民法院,NE4
石棉县人民法院,雅安市中级人民法院,NE5
天全县人民法院,雅安市中级人民法院,NE6
芦山县人民法院,雅安市中级人民法院,NE7
宝兴县人民法院,雅安市中级人民法院,NE8
巴州区人民法院,巴中市中级人民法院,NK1
通江县人民法院,巴中市中级人民法院,NK2
南江县人民法院,巴中市中级人民法院,NK3
平昌县人民法院,巴中市中级人民法院,NK4
恩阳区人民法院,巴中市中级人民法院,NK5
雁江区人民法院,资阳市中级人民法院,NM3
安岳县人民法院,资阳市中级人民法院,NM2
乐至县人民法院,资阳市中级人民法院,NM1
汶川县人民法院,阿坝州中级人民法院,NF1
理县人民法院,阿坝州中级人民法院,NF2
茂县人民法院,阿坝州中级人民法院,NF3
松潘县人民法院,阿坝州中级人民法院,NF4
九寨沟县人民法院,阿坝州中级人民法院,NF5
金川县人民法院,阿坝州中级人民法院,NF6
小金县人民法院,阿坝州中级人民法院,NF7
黑水县人民法院,阿坝州中级人民法院,NF8
马尔康县人民法院,阿坝州中级人民法院,NF9
壤塘县人民法院,阿坝州中级人民法院,NFA
阿坝县人民法院,阿坝州中级人民法院,NFB
若尔盖县人民法院,阿坝州中级人民法院,NFC
红原县人民法院,阿坝州中级人民法院,NFD
康定县人民法院,甘孜州中级人民法院,NG1
泸定县人民法院,甘孜州中级人民法院,NG2
丹巴县人民法院,甘孜州中级人民法院,NG3
九龙县人民法院,甘孜州中级人民法院,NG4
雅江县人民法院,甘孜州中级人民法院,NG5
道孚县人民法院,甘孜州中级人民法院,NG6
炉霍县人民法院,甘孜州中级人民法院,NG7
甘孜县人民法院,甘孜州中级人民法院,NG8
新龙县人民法院,甘孜州中级人民法院,NG9
德格县人民法院,甘孜州中级人民法院,NGA
白玉县人民法院,甘孜州中级人民法院,NGB
石渠县人民法院,甘孜州中级人民法院,NGC
色达县人民法院,甘孜州中级人民法院,NGD
理塘县人民法院,甘孜州中级人民法院,NGE
巴塘县人民法院,甘孜州中级人民法院,NGF
乡城县人民法院,甘孜州中级人民法院,NGG
稻城县人民法院,甘孜州中级人民法院,NGH
得荣县人民法院,甘孜州中级人民法院,NGI
西昌市人民法院,凉山州中级人民法院,NH1
木里县人民法院,凉山州中级人民法院,NHH
盐源县人民法院,凉山州中级人民法院,NH2
德昌县人民法院,凉山州中级人民法院,NH3
会理县人民法院,凉山州中级人民法院,NH4
会东县人民法院,凉山州中级人民法院,NH5
宁南县人民法院,凉山州中级人民法院,NH6
普格县人民法院,凉山州中级人民法院,NH7
布拖县人民法院,凉山州中级人民法院,NH8
金阳县人民法院,凉山州中级人民法院,NH9
昭觉县人民法院,凉山州中级人民法院,NHA
喜德县人民法院,凉山州中级人民法院,NHB
冕宁县人民法院,凉山州中级人民法院,NHC
越西县人民法院,凉山州中级人民法院,NHD
甘洛县人民法院,凉山州中级人民法院,NHE
美姑县人民法院,凉山州中级人民法院,NHF
雷波县人民法院,凉山州中级人民法院,NHG
成都铁路运输人民法院,成都铁路中级人民法院,
重庆铁路运输人民法院,成都铁路中级人民法院,
西昌铁路运输人民法院,成都铁路中级人民法院,
南明区人民法院,贵阳市中级人民法院,O11
云岩区人民法院,贵阳市中级人民法院,O12
花溪区人民法院,贵阳市中级人民法院,O13
乌当区人民法院,贵阳市中级人民法院,O14
贵阳白云区人民法院,贵阳市中级人民法院,O15
观山湖区人民法院,贵阳市中级人民法院,O1B
清镇市人民法院,贵阳市中级人民法院,O17
开阳县人民法院,贵阳市中级人民法院,O18
息烽县人民法院,贵阳市中级人民法院,O1A
修文县人民法院,贵阳市中级人民法院,O19
钟山区人民法院,六盘水市中级人民法院,O21
六枝特区人民法院,六盘水市中级人民法院,O23
水城县人民法院,六盘水市中级人民法院,O24
盘州市人民法院,六盘水市中级人民法院,O22
红花岗区人民法院,遵义市中级人民法院,O31
汇川区人民法院,遵义市中级人民法院,O3E
赤水市人民法院,遵义市中级人民法院,O32
仁怀市人民法院,遵义市中级人民法院,O3B
播州区人民法院,遵义市中级人民法院,O33
桐梓县人民法院,遵义市中级人民法院,O34
绥阳县人民法院,遵义市中级人民法院,O35
正安县人民法院,遵义市中级人民法院,O36
道真县人民法院,遵义市中级人民法院,O3D
务川县人民法院,遵义市中级人民法院,O3C
凤冈县人民法院,遵义市中级人民法院,O38
湄潭县人民法院,遵义市中级人民法院,O39
余庆县人民法院,遵义市中级人民法院,O3A
习水县人民法院,遵义市中级人民法院,O37
西秀区人民法院,安顺市中级人民法院,O77
平坝县人民法院,安顺市中级人民法院,O72
普定县人民法院,安顺市中级人民法院,O73
镇宁县人民法院,安顺市中级人民法院,O75
关岭县人民法院,安顺市中级人民法院,O74
紫云县人民法院,安顺市中级人民法院,O76
碧江区人民法院,铜仁市中级人民法院,O41
江口县人民法院,铜仁市中级人民法院,O42
玉屏县人民法院,铜仁市中级人民法院,O47
思南县人民法院,铜仁市中级人民法院,O45
石阡县人民法院,铜仁市中级人民法院,O44
印江县人民法院,铜仁市中级人民法院,O46
德江县人民法院,铜仁市中级人民法院,O43
沿河县人民法院,铜仁市中级人民法院,O48
松桃县人民法院,铜仁市中级人民法院,O49
万山区人民法院,铜仁市中级人民法院,O4A
兴义市人民法院,黔西南州中级人民法院,O51
兴仁市人民法院,黔西南州中级人民法院,O52
普安县人民法院,黔西南州中级人民法院,O53
晴隆县人民法院,黔西南州中级人民法院,O54
贞丰县人民法院,黔西南州中级人民法院,O55
望谟县人民法院,黔西南州中级人民法院,O56
册亨县人民法院,黔西南州中级人民法院,O57
安龙县人民法院,黔西南州中级人民法院,O58
七星关区人民法院,毕节市中级人民法院,O61
大方县人民法院,毕节市中级人民法院,O62
黔西县人民法院,毕节市中级人民法院,O63
金沙县人民法院,毕节市中级人民法院,O64
织金县人民法院,毕节市中级人民法院,O65
纳雍县人民法院,毕节市中级人民法院,O66
威宁县人民法院,毕节市中级人民法院,O68
赫章县人民法院,毕节市中级人民法院,O67
凯里市人民法院,黔东南州中级人民法院,O81
黄平县人民法院,黔东南州中级人民法院,O82
施秉县人民法院,黔东南州中级人民法院,O83
三穗县人民法院,黔东南州中级人民法院,O84
镇远县人民法院,黔东南州中级人民法院,O85
岑巩县人民法院,黔东南州中级人民法院,O86
天柱县人民法院,黔东南州中级人民法院,O87
锦屏县人民法院,黔东南州中级人民法院,O88
剑河县人民法院,黔东南州中级人民法院,O89
台江县人民法院,黔东南州中级人民法院,O8A
黎平县人民法院,黔东南州中级人民法院,O8B
榕江县人民法院,黔东南州中级人民法院,O8C
从江县人民法院,黔东南州中级人民法院,O8D
雷山县人民法院,黔东南州中级人民法院,O8E
麻江县人民法院,黔东南州中级人民法院,O8F
丹寨县人民法院,黔东南州中级人民法院,O8G
都匀市人民法院,黔南州中级人民法院,O91
福泉市人民法院,黔南州中级人民法院,O94
荔波县人民法院,黔南州中级人民法院,O92
贵定县人民法院,黔南州中级人民法院,O93
瓮安县人民法院,黔南州中级人民法院,O95
独山县人民法院,黔南州中级人民法院,O96
平塘县人民法院,黔南州中级人民法院,O97
罗甸县人民法院,黔南州中级人民法院,O98
长顺县人民法院,黔南州中级人民法院,O99
龙里县人民法院,黔南州中级人民法院,O9A
惠水县人民法院,黔南州中级人民法院,O9B
三都县人民法院,黔南州中级人民法院,O9C
五华区人民法院,昆明市中级人民法院,P11
盘龙区人民法院,昆明市中级人民法院,P12
官渡区人民法院,昆明市中级人民法院,P13
西山区人民法院,昆明市中级人民法院,P14
东川区人民法院,昆明市中级人民法院,P1D
安宁市人民法院,昆明市中级人民法院,P17
呈贡县人民法院,昆明市中级人民法院,P15
晋宁县人民法院,昆明市中级人民法院,P16
富民县人民法院,昆明市中级人民法院,P18
宜良县人民法院,昆明市中级人民法院,P19
石林县人民法院,昆明市中级人民法院,P1B
嵩明县人民法院,昆明市中级人民法院,P1A
禄劝县人民法院,昆明市中级人民法院,P1C
寻甸县人民法院,昆明市中级人民法院,P1E
麒麟区人民法院,曲靖市中级人民法院,P41
宣威市人民法院,曲靖市中级人民法院,P44
马龙区人民法院,曲靖市中级人民法院,P43
陆良县人民法院,曲靖市中级人民法院,P48
师宗县人民法院,曲靖市中级人民法院,P47
罗平县人民法院,曲靖市中级人民法院,P46
富源县人民法院,曲靖市中级人民法院,P45
会泽县人民法院,曲靖市中级人民法院,P49
沾益县人民法院,曲靖市中级人民法院,P42
红塔区人民法院,玉溪市中级人民法院,P51
江川区人民法院,玉溪市中级人民法院,P52
澄江县人民法院,玉溪市中级人民法院,P53
通海县人民法院,玉溪市中级人民法院,P54
华宁县人民法院,玉溪市中级人民法院,P55
易门县人民法院,玉溪市中级人民法院,P56
峨山县人民法院,玉溪市中级人民法院,P57
新平县人民法院,玉溪市中级人民法院,P58
元江县人民法院,玉溪市中级人民法院,P59
隆阳区人民法院,保山市中级人民法院,P71
施甸县人民法院,保山市中级人民法院,P72
腾冲市人民法院,保山市中级人民法院,P73
龙陵县人民法院,保山市中级人民法院,P74
昌宁县人民法院,保山市中级人民法院,P75
昭阳区人民法院,昭通市中级人民法院,P31
鲁甸县人民法院,昭通市中级人民法院,P32
巧家县人民法院,昭通市中级人民法院,P33
盐津县人民法院,昭通市中级人民法院,P34
大关县人民法院,昭通市中级人民法院,P35
永善县人民法院,昭通市中级人民法院,P36
绥江县人民法院,昭通市中级人民法院,P37
镇雄县人民法院,昭通市中级人民法院,P38
彝良县人民法院,昭通市中级人民法院,P39
威信县人民法院,昭通市中级人民法院,P3A
水富县人民法院,昭通市中级人民法院,P3B
古城区人民法院,丽江市中级人民法院,P85
玉龙县人民法院,丽江市中级人民法院,P81
永胜县人民法院,丽江市中级人民法院,P82
华坪县人民法院,丽江市中级人民法院,P83
宁蒗县人民法院,丽江市中级人民法院,P84
思茅区人民法院,普洱市中级人民法院,P61
宁洱县人民法院,普洱市中级人民法院,P68
墨江县人民法院,普洱市中级人民法院,P64
景东县人民法院,普洱市中级人民法院,P63
景谷县人民法院,普洱市中级人民法院,P66
镇沅县人民法院,普洱市中级人民法院,P6A
江城县人民法院,普洱市中级人民法院,P67
孟连县人民法院,普洱市中级人民法院,P69
澜沧县人民法院,普洱市中级人民法院,P65
西盟县人民法院,普洱市中级人民法院,P62
临翔区人民法院,临沧市中级人民法院,P91
凤庆县人民法院,临沧市中级人民法院,P92
云县人民法院,临沧市中级人民法院,P93
永德县人民法院,临沧市中级人民法院,P94
镇康县人民法院,临沧市中级人民法院,P95
双江县人民法院,临沧市中级人民法院,P98
耿马县人民法院,临沧市中级人民法院,P97
沧源县人民法院,临沧市中级人民法院,P96
楚雄市人民法院,楚雄州中级人民法院,PA1
双柏县人民法院,楚雄州中级人民法院,PA2
牟定县人民法院,楚雄州中级人民法院,PA3
南华县人民法院,楚雄州中级人民法院,PA4
姚安县人民法院,楚雄州中级人民法院,PA5
大姚县人民法院,楚雄州中级人民法院,PA6
永仁县人民法院,楚雄州中级人民法院,PA7
元谋县人民法院,楚雄州中级人民法院,PA8
武定县人民法院,楚雄州中级人民法院,PA9
禄丰县人民法院,楚雄州中级人民法院,PAA
个旧市人民法院,红河州中级人民法院,PB1
开远市人民法院,红河州中级人民法院,PB2
蒙自市人民法院,红河州中级人民法院,PB3
屏边县人民法院,红河州中级人民法院,PBB
建水县人民法院,红河州中级人民法院,PB5
石屏县人民法院,红河州中级人民法院,PB6
弥勒市人民法院,红河州中级人民法院,PB7
泸西县人民法院,红河州中级人民法院,PB8
元阳县人民法院,红河州中级人民法院,PB9
红河县人民法院,红河州中级人民法院,PBA
金平县人民法院,红河州中级人民法院,PBD
绿春县人民法院,红河州中级人民法院,PB4
河口县人民法院,红河州中级人民法院,PBC
文山市人民法院,文山州中级人民法院,PC1
砚山县人民法院,文山州中级人民法院,PC2
西畴县人民法院,文山州中级人民法院,PC3
麻栗坡县人民法院,文山州中级人民法院,PC4
马关县人民法院,文山州中级人民法院,PC5
丘北县人民法院,文山州中级人民法院,PC6
广南县人民法院,文山州中级人民法院,PC7
富宁县人民法院,文山州中级人民法院,PC8
景洪市人民法院,西双版纳州中级人民法院,PD1
勐海县人民法院,西双版纳州中级人民法院,PD2
勐腊县人民法院,西双版纳州中级人民法院,PD3
大理市人民法院,大理州中级人民法院,PE1
漾濞县人民法院,大理州中级人民法院,PEA
祥云县人民法院,大理州中级人民法院,PE2
宾川县人民法院,大理州中级人民法院,PE3
弥渡县人民法院,大理州中级人民法院,PE4
南涧县人民法院,大理州中级人民法院,PEB
巍山县人民法院,大理州中级人民法院,PEC
永平县人民法院,大理州中级人民法院,PE5
云龙县人民法院,大理州中级人民法院,PE6
洱源县人民法院,大理州中级人民法院,PE7
剑川县人民法院,大理州中级人民法院,PE8
鹤庆县人民法院,大理州中级人民法院,PE9
瑞丽市人民法院,德宏州中级人民法院,PF5
芒市人民法院,德宏州中级人民法院,PF1
梁河县人民法院,德宏州中级人民法院,PF2
盈江县人民法院,德宏州中级人民法院,PF3
陇川县人民法院,德宏州中级人民法院,PF4
泸水市人民法院,怒江州中级人民法院,PG1
福贡县人民法院,怒江州中级人民法院,PG2
贡山县人民法院,怒江州中级人民法院,PG3
兰坪县人民法院,怒江州中级人民法院,PG4
香格里拉县人民法院,迪庆州中级人民法院,PH1
德钦县人民法院,迪庆州中级人民法院,PH2
维西县人民法院,迪庆州中级人民法院,PH3
昆明铁路运输人民法院,昆明铁路中级人民法院,
开远铁路运输人民法院,昆明铁路中级人民法院,
城关区人民法院,拉萨市中级人民法院,Q11
林周县人民法院,拉萨市中级人民法院,Q12
当雄县人民法院,拉萨市中级人民法院,Q13
尼木县人民法院,拉萨市中级人民法院,Q14
曲水县人民法院,拉萨市中级人民法院,Q15
堆龙德庆区人民法院,拉萨市中级人民法院,Q16
达孜区人民法院,拉萨市中级人民法院,
墨竹工卡县人民法院,拉萨市中级人民法院,Q18
卡若区人民法院,昌都市中级人民法院,
江达县人民法院,昌都市中级人民法院,Q72
贡觉县人民法院,昌都市中级人民法院,Q23
类乌齐县人民法院,昌都市中级人民法院,
丁青县人民法院,昌都市中级人民法院,Q25
察雅县人民法院,昌都市中级人民法院,Q26
八宿县人民法院,昌都市中级人民法院,Q27
左贡县人民法院,昌都市中级人民法院,
芒康县人民法院,昌都市中级人民法院,Q29
洛隆县人民法院,昌都市中级人民法院,
边坝县人民法院,昌都市中级人民法院,
乃东县人民法院,山南市中级人民法院,Q31
扎囊县人民法院,山南市中级人民法院,Q32
贡嘎县人民法院,山南市中级人民法院,Q33
桑日县人民法院,山南市中级人民法院,Q34
琼结县人民法院,山南市中级人民法院,Q35
曲松县人民法院,山南市中级人民法院,
措美县人民法院,山南市中级人民法院,
洛扎县人民法院,山南市中级人民法院,
加查县人民法院,山南市中级人民法院,
隆子县人民法院,山南市中级人民法院,
错那县人民法院,山南市中级人民法院,
浪卡子县人民法院,山南市中级人民法院,
桑珠孜区人民法院,日喀则市中级人民法院,Q41
南木林县人民法院,日喀则市中级人民法院,Q42
江孜县人民法院,日喀则市中级人民法院,Q43
定日县人民法院,日喀则市中级人民法院,
萨迦县人民法院,日喀则市中级人民法院,Q45
拉孜县人民法院,日喀则市中级人民法院,
昂仁县人民法院,日喀则市中级人民法院,
谢通门县人民法院,日喀则市中级人民法院,Q48
白朗县人民法院,日喀则市中级人民法院,
仁布县人民法院,日喀则市中级人民法院,
康马县人民法院,日喀则市中级人民法院,
定结县人民法院,日喀则市中级人民法院,Q4C
仲巴县人民法院,日喀则市中级人民法院,
亚东县人民法院,日喀则市中级人民法院,
吉隆县人民法院,日喀则市中级人民法院,
聂拉木县人民法院,日喀则市中级人民法院,Q4G
萨嘎县人民法院,日喀则市中级人民法院,
岗巴县人民法院,日喀则市中级人民法院,
色尼区人民法院,那曲市中级人民法院,Q51
嘉黎县人民法院,那曲市中级人民法院,Q52
比如县人民法院,那曲市中级人民法院,Q53
聂荣县人民法院,那曲市中级人民法院,
安多县人民法院,那曲市中级人民法院,
申扎县人民法院,那曲市中级人民法院,
索县人民法院,那曲市中级人民法院,Q57
班戈县人民法院,那曲市中级人民法院,
巴青县人民法院,那曲市中级人民法院,Q59
尼玛县人民法院,那曲市中级人民法院,
双湖县人民法院,那曲市中级人民法院,
普兰县人民法院,阿里地区中级人民法院,62A
札达县人民法院,阿里地区中级人民法院,
噶尔县人民法院,阿里地区中级人民法院,
日土县人民法院,阿里地区中级人民法院,
革吉县人民法院,阿里地区中级人民法院,
改则县人民法院,阿里地区中级人民法院,
措勤县人民法院,阿里地区中级人民法院,
巴宜区人民法院,林芝市中级人民法院,Q71
工布江达县人民法院,林芝市中级人民法院,Q72
米林县人民法院,林芝市中级人民法院,Q73
墨脱县人民法院,林芝市中级人民法院,
波密县人民法院,林芝市中级人民法院,Q75
察隅县人民法院,林芝市中级人民法院,Q76
朗县人民法院,林芝市中级人民法院,Q77
新城区人民法院,西安市中级人民法院,R11
碑林区人民法院,西安市中级人民法院,R12
莲湖区人民法院,西安市中级人民法院,R13
灞桥区人民法院,西安市中级人民法院,R14
未央区人民法院,西安市中级人民法院,R15
雁塔区人民法院,西安市中级人民法院,R16
阎良区人民法院,西安市中级人民法院,R17
临潼区人民法院,西安市中级人民法院,R1A
长安区人民法院,西安市中级人民法院,R18
蓝田县人民法院,西安市中级人民法院,R19
周至县人民法院,西安市中级人民法院,R1B
鄠邑区人民法院,西安市中级人民法院,R1C
高陵区人民法院,西安市中级人民法院,R1D
王益区人民法院,铜川市中级人民法院,R21
印台区人民法院,铜川市中级人民法院,R22
耀州区人民法院,铜川市中级人民法院,R23
宜君县人民法院,铜川市中级人民法院,R24
渭滨区人民法院,宝鸡市中级人民法院,R31
金台区人民法院,宝鸡市中级人民法院,R32
陈仓区人民法院,宝鸡市中级人民法院,R33
凤翔县人民法院,宝鸡市中级人民法院,R34
岐山县人民法院,宝鸡市中级人民法院,R35
扶风县人民法院,宝鸡市中级人民法院,R36
眉县人民法院,宝鸡市中级人民法院,R37
陇县人民法院,宝鸡市中级人民法院,R38
千阳县人民法院,宝鸡市中级人民法院,R39
麟游县人民法院,宝鸡市中级人民法院,R3A
凤县人民法院,宝鸡市中级人民法院,R3B
太白县人民法院,宝鸡市中级人民法院,R3C
秦都区人民法院,咸阳市中级人民法院,R41
杨陵区人民法院,咸阳市中级人民法院,R42
渭城区人民法院,咸阳市中级人民法院,R43
兴平市人民法院,咸阳市中级人民法院,R44
三原县人民法院,咸阳市中级人民法院,R45
泾阳县人民法院,咸阳市中级人民法院,R46
乾县人民法院,咸阳市中级人民法院,R47
礼泉县人民法院,咸阳市中级人民法院,R48
永寿县人民法院,咸阳市中级人民法院,R49
彬州市人民法院,咸阳市中级人民法院,R4A
长武县人民法院,咸阳市中级人民法院,R4B
旬邑县人民法院,咸阳市中级人民法院,R4C
淳化县人民法院,咸阳市中级人民法院,R4D
武功县人民法院,咸阳市中级人民法院,R4E
临渭区人民法院,渭南市中级人民法院,R51
韩城市人民法院,渭南市中级人民法院,R52
华阴市人民法院,渭南市中级人民法院,R53
渭南华州人民法院,渭南市中级人民法院,R54
潼关县人民法院,渭南市中级人民法院,R55
大荔县人民法院,渭南市中级人民法院,R56
合阳县人民法院,渭南市中级人民法院,R5A
澄城县人民法院,渭南市中级人民法院,R58
蒲城县人民法院,渭南市中级人民法院,R57
白水县人民法院,渭南市中级人民法院,R59
富平县人民法院,渭南市中级人民法院,R5B
宝塔区人民法院,延安市中级人民法院,R91
延长县人民法院,延安市中级人民法院,R92
延川县人民法院,延安市中级人民法院,R93
子长县人民法院,延安市中级人民法院,R94
安塞区人民法院,延安市中级人民法院,R95
志丹县人民法院,延安市中级人民法院,R96
吴起县人民法院,延安市中级人民法院,R97
甘泉县人民法院,延安市中级人民法院,R98
富县人民法院,延安市中级人民法院,R99
洛川县人民法院,延安市中级人民法院,R9A
宜川县人民法院,延安市中级人民法院,R9B
黄龙县人民法院,延安市中级人民法院,R9C
黄陵县人民法院,延安市中级人民法院,R9D
汉台区人民法院,汉中市中级人民法院,R61
南郑区人民法院,汉中市中级人民法院,R62
城固县人民法院,汉中市中级人民法院,R63
洋县人民法院,汉中市中级人民法院,R64
西乡县人民法院,汉中市中级人民法院,R65
勉县人民法院,汉中市中级人民法院,R66
宁强县人民法院,汉中市中级人民法院,R67
略阳县人民法院,汉中市中级人民法院,R68
镇巴县人民法院,汉中市中级人民法院,R69
留坝县人民法院,汉中市中级人民法院,R6A
佛坪县人民法院,汉中市中级人民法院,R6B
榆阳区人民法院,榆林市中级人民法院,RA1
神木市人民法院,榆林市中级人民法院,RA2
府谷县人民法院,榆林市中级人民法院,RA3
横山区人民法院,榆林市中级人民法院,RA4
靖边县人民法院,榆林市中级人民法院,RA5
定边县人民法院,榆林市中级人民法院,RA6
绥德县人民法院,榆林市中级人民法院,RA7
米脂县人民法院,榆林市中级人民法院,RA8
佳县人民法院,榆林市中级人民法院,RA9
吴堡县人民法院,榆林市中级人民法院,RAA
清涧县人民法院,榆林市中级人民法院,RAB
子洲县人民法院,榆林市中级人民法院,RAC
汉滨区人民法院,安康市中级人民法院,R71
汉阴县人民法院,安康市中级人民法院,R72
石泉县人民法院,安康市中级人民法院,R73
宁陕县人民法院,安康市中级人民法院,R74
紫阳县人民法院,安康市中级人民法院,R75
岚皋县人民法院,安康市中级人民法院,R76
平利县人民法院,安康市中级人民法院,R77
镇坪县人民法院,安康市中级人民法院,R78
旬阳县人民法院,安康市中级人民法院,R79
白河县人民法院,安康市中级人民法院,R7A
商州区人民法院,商洛市中级人民法院,R81
洛南县人民法院,商洛市中级人民法院,R82
丹凤县人民法院,商洛市中级人民法院,R83
商南县人民法院,商洛市中级人民法院,R84
山阳县人民法院,商洛市中级人民法院,R85
镇安县人民法院,商洛市中级人民法院,R86
柞水县人民法院,商洛市中级人民法院,R87
西安铁路运输人民法院,西安铁路中级人民法院,
安康铁路运输人民法院,西安铁路中级人民法院,
兰州城关人民法院,兰州市中级人民法院,S11
七里河区人民法院,兰州市中级人民法院,S12
西固区人民法院,兰州市中级人民法院,S13
安宁区人民法院,兰州市中级人民法院,S14
红古区人民法院,兰州市中级人民法院,S15
永登县人民法院,兰州市中级人民法院,S16
皋兰县人民法院,兰州市中级人民法院,S17
榆中县人民法院,兰州市中级人民法院,S18
兰州市新区人民法院,兰州市中级人民法院,S19
嘉峪关市城区人民法院,嘉峪关市人民法院,S21
金川区人民法院,金昌中级人民法院,S31
永昌县人民法院,金昌中级人民法院,S32
白银区人民法院,白银中级人民法院,S41
平川区人民法院,白银中级人民法院,S42
靖远县人民法院,白银中级人民法院,S43
会宁县人民法院,白银中级人民法院,S44
景泰县人民法院,白银中级人民法院,S45
秦州区人民法院,天水中级人民法院,S51
麦积区人民法院,天水中级人民法院,S52
清水县人民法院,天水中级人民法院,S53
秦安县人民法院,天水中级人民法院,S54
甘谷县人民法院,天水中级人民法院,S55
武山县人民法院,天水中级人民法院,S56
张家川县人民法院,天水中级人民法院,S57
凉州区人民法院,武威中级人民法院,S81
民勤县人民法院,武威中级人民法院,S82
古浪县人民法院,武威中级人民法院,S83
天祝县人民法院,武威中级人民法院,S84
甘州区人民法院,张掖市中级人民法院,S71
民乐县人民法院,张掖市中级人民法院,S73
临泽县人民法院,张掖市中级人民法院,S74
高台县人民法院,张掖市中级人民法院,S75
山丹县人民法院,张掖市中级人民法院,S76
肃南县人民法院,张掖市中级人民法院,S72
崆峒区人民法院,平凉中级人民法院,SB1
泾川县人民法院,平凉中级人民法院,SB2
灵台县人民法院,平凉中级人民法院,SB3
崇信县人民法院,平凉中级人民法院,SB4
华亭县人民法院,平凉中级人民法院,SB5
庄浪县人民法院,平凉中级人民法院,SB6
静宁县人民法院,平凉中级人民法院,SB7
肃州区人民法院,酒泉市中级人民法院,S62
玉门市人民法院,酒泉市中级人民法院,S61
敦煌市人民法院,酒泉市中级人民法院,S63
金塔县人民法院,酒泉市中级人民法院,S64
瓜州县人民法院,酒泉市中级人民法院,S67
肃北县人民法院,酒泉市中级人民法院,S65
阿克塞县人民法院,酒泉市中级人民法院,S66
西峰区人民法院,庆阳市中级人民法院,SC1
庆城县人民法院,庆阳市中级人民法院,SC2
环县人民法院,庆阳市中级人民法院,SC3
华池县人民法院,庆阳市中级人民法院,SC4
合水县人民法院,庆阳市中级人民法院,SC5
正宁县人民法院,庆阳市中级人民法院,SC6
宁县人民法院,庆阳市中级人民法院,SC7
镇原县人民法院,庆阳市中级人民法院,SC8
庆阳林区人民法院,庆阳市中级人民法院,SG6
安定区人民法院,定西市中级人民法院,S91
通渭县人民法院,定西市中级人民法院,S92
陇西县人民法院,定西市中级人民法院,S93
渭源县人民法院,定西市中级人民法院,S94
临洮县人民法院,定西市中级人民法院,S95
漳县人民法院,定西市中级人民法院,S96
岷县人民法院,定西市中级人民法院,S97
武都区人民法院,陇南市中级人民法院,SA1
成县人民法院,陇南市中级人民法院,SA3
文县人民法院,陇南市中级人民法院,SA5
宕昌县人民法院,陇南市中级人民法院,SA2
康县人民法院,陇南市中级人民法院,SA4
西和县人民法院,陇南市中级人民法院,SA6
礼县人民法院,陇南市中级人民法院,SA7
徽县人民法院,陇南市中级人民法院,SA9
两当县人民法院,陇南市中级人民法院,SA8
临夏市人民法院,临夏州中级人民法院,SD1
临夏县人民法院,临夏州中级人民法院,SD2
康乐县人民法院,临夏州中级人民法院,SD3
永靖县人民法院,临夏州中级人民法院,SD4
广河县人民法院,临夏州中级人民法院,SD5
和政县人民法院,临夏州中级人民法院,SD6
东乡族县人民法院,临夏州中级人民法院,SD7
积石山人民法院,临夏州中级人民法院,SD8
合作市人民法院,甘南州中级人民法院,SE8
临潭县人民法院,甘南州中级人民法院,SE1
卓尼县人民法院,甘南州中级人民法院,SE2
舟曲县人民法院,甘南州中级人民法院,SE3
迭部县人民法院,甘南州中级人民法院,SE4
玛曲县人民法院,甘南州中级人民法院,SE5
碌曲县人民法院,甘南州中级人民法院,SE6
夏河县人民法院,甘南州中级人民法院,SE7
迭部林区人民法院,甘肃省林区中级人民法院,
卓尼林区人民法院,甘肃省林区中级人民法院,SG1
舟曲林区人民法院,甘肃省林区中级人民法院,SG4
文县林区人民法院,甘肃省林区中级人民法院,
兰州铁路运输人民法院,兰州铁路中级人民法院,
武威铁路运输人民法院,兰州铁路中级人民法院,
城东区人民法院,西宁市中级人民法院,T11
西宁城中区人民法院,西宁市中级人民法院,T12
城西区人民法院,西宁市中级人民法院,T13
城北区人民法院,西宁市中级人民法院,T14
大通县人民法院,西宁市中级人民法院,T15
湟中县人民法院,西宁市中级人民法院,T16
湟源县人民法院,西宁市中级人民法院,T17
平安区人民法院,海东市中级人民法院,T21
民和县人民法院,海东市中级人民法院,T22
乐都区人民法院,海东市中级人民法院,T23
互助县人民法院,海东市中级人民法院,T24
化隆县人民法院,海东市中级人民法院,T25
循化县人民法院,海东市中级人民法院,T26
门源县人民法院,海北州中级人民法院,T34
祁连县人民法院,海北州中级人民法院,T31
海晏县人民法院,海北州中级人民法院,T32
刚察县人民法院,海北州中级人民法院,T33
同仁县人民法院,黄南州中级人民法院,T41
尖扎县人民法院,黄南州中级人民法院,T42
泽库县人民法院,黄南州中级人民法院,T43
河南县人民法院,黄南州中级人民法院,T44
共和县人民法院,海南州中级人民法院,T51
同德县人民法院,海南州中级人民法院,T52
贵德县人民法院,海南州中级人民法院,T53
兴海县人民法院,海南州中级人民法院,T54
贵南县人民法院,海南州中级人民法院,T55
玛沁县人民法院,果洛州中级人民法院,T61
班玛县人民法院,果洛州中级人民法院,T62
甘德县人民法院,果洛州中级人民法院,T63
达日县人民法院,果洛州中级人民法院,T64
久治县人民法院,果洛州中级人民法院,T65
玛多县人民法院,果洛州中级人民法院,T66
玉树市人民法院,玉树州中级人民法院,T71
杂多县人民法院,玉树州中级人民法院,T72
称多县人民法院,玉树州中级人民法院,T73
治多县人民法院,玉树州中级人民法院,T74
囊谦县人民法院,玉树州中级人民法院,T75
曲麻莱县人民法院,玉树州中级人民法院,T76
格尔木市人民法院,海西州中级人民法院,T81
德令哈市人民法院,海西州中级人民法院,T82
乌兰县人民法院,海西州中级人民法院,T83
都兰县人民法院,海西州中级人民法院,T84
天峻县人民法院,海西州中级人民法院,T85
大柴旦矿区人民法院,海西州中级人民法院,T86
西部矿区人民法院,海西州中级人民法院,T89
兴庆区人民法院,银川市中级人民法院,U11
西夏区人民法院,银川市中级人民法院,U12
金凤区人民法院,银川市中级人民法院,U13
灵武市人民法院,银川市中级人民法院,U16
永宁县人民法院,银川市中级人民法院,U14
贺兰县人民法院,银川市中级人民法院,U15
大武口区人民法院,石嘴山市中级人民法院,U21
惠农区人民法院,石嘴山市中级人民法院,U24
平罗县人民法院,石嘴山市中级人民法院,U25
利通区人民法院,吴忠市中级人民法院,U31
红寺堡开发区人民法院,吴忠市中级人民法院,U38
青铜峡市人民法院,吴忠市中级人民法院,U32
盐池县人民法院,吴忠市中级人民法院,U36
同心县人民法院,吴忠市中级人民法院,U37
原州区人民法院,固原市中级人民法院,U41
西吉县人民法院,固原市中级人民法院,U43
隆德县人民法院,固原市中级人民法院,U44
泾源县人民法院,固原市中级人民法院,U45
彭阳县人民法院,固原市中级人民法院,U46
沙坡头区人民法院,中卫市中级人民法院,U54
中宁县人民法院,中卫市中级人民法院,U52
海原县人民法院,中卫市中级人民法院,U53
天山区人民法院,乌鲁木齐市中级人民法院,V11
沙依巴克区人民法院,乌鲁木齐市中级人民法院,V12
乌鲁木齐新市区人民法院,乌鲁木齐市中级人民法院,V13
水磨沟区人民法院,乌鲁木齐市中级人民法院,V14
头屯河区人民法院,乌鲁木齐市中级人民法院,V15
达坂城区人民法院,乌鲁木齐市中级人民法院,V16
米东区人民法院,乌鲁木齐市中级人民法院,V17
乌鲁木齐县人民法院,乌鲁木齐市中级人民法院,V18
独山子区人民法院,克拉玛依市中级人民法院,V22
克拉玛依区人民法院,克拉玛依市中级人民法院,V21
白碱滩区人民法院,克拉玛依市中级人民法院,V23
乌尔禾区人民法院,克拉玛依市中级人民法院,V24
高昌区人民法院,吐鲁番市中级人民法院,V41
鄯善县人民法院,吐鲁番市中级人民法院,V42
托克逊县人民法院,吐鲁番市中级人民法院,V43
伊州区人民法院,哈密地区中级人民法院,V51
巴里坤县人民法院,哈密地区中级人民法院,V53
伊吾县人民法院,哈密地区中级人民法院,V52
昌吉市人民法院,昌吉州中级人民法院,V61
阜康市人民法院,昌吉州中级人民法院,V66
呼图壁县人民法院,昌吉州中级人民法院,V63
玛纳斯县人民法院,昌吉州中级人民法院,V64
奇台县人民法院,昌吉州中级人民法院,V65
吉木萨尔县人民法院,昌吉州中级人民法院,V67
木垒哈萨克自治县人民法院,昌吉州中级人民法院,V68
博乐市人民法院,博尔塔拉蒙古自治州中级人民法院,V71
精河县人民法院,博尔塔拉蒙古自治州中级人民法院,V72
温泉县人民法院,博尔塔拉蒙古自治州中级人民法院,V73
阿拉山口市人民法院,博尔塔拉蒙古自治州中级人民法院,V74
库尔勒市人民法院,巴音郭楞蒙古自治州中级人民法院,V81
轮台县人民法院,巴音郭楞蒙古自治州中级人民法院,V82
尉犁县人民法院,巴音郭楞蒙古自治州中级人民法院,V83
若羌县人民法院,巴音郭楞蒙古自治州中级人民法院,V84
且末县人民法院,巴音郭楞蒙古自治州中级人民法院,V85
焉耆回族自治县人民法院,巴音郭楞蒙古自治州中级人民法院,V89
和静县人民法院,巴音郭楞蒙古自治州中级人民法院,V86
和硕县人民法院,巴音郭楞蒙古自治州中级人民法院,V87
博湖县人民法院,巴音郭楞蒙古自治州中级人民法院,V88
阿克苏市人民法院,阿克苏地区中级人民法院,V91
温宿县人民法院,阿克苏地区中级人民法院,V92
库车县人民法院,阿克苏地区中级人民法院,V93
沙雅县人民法院,阿克苏地区中级人民法院,V94
新和县人民法院,阿克苏地区中级人民法院,V95
拜城县人民法院,阿克苏地区中级人民法院,V96
乌什县人民法院,阿克苏地区中级人民法院,V97
阿瓦提县人民法院,阿克苏地区中级人民法院,V98
柯坪县人民法院,阿克苏地区中级人民法院,V99
阿图什市人民法院,克孜勒苏柯尔克孜州中级人民法院,VA1
阿克陶县人民法院,克孜勒苏柯尔克孜州中级人民法院,VA2
阿合奇县人民法院,克孜勒苏柯尔克孜州中级人民法院,VA3
乌恰县人民法院,克孜勒苏柯尔克孜州中级人民法院,VA4
喀什市人民法院,喀什地区中级人民法院,VB1
疏附县人民法院,喀什地区中级人民法院,VB2
疏勒县人民法院,喀什地区中级人民法院,VB3
英吉沙县人民法院,喀什地区中级人民法院,VB4
泽普县人民法院,喀什地区中级人民法院,VB5
莎车县人民法院,喀什地区中级人民法院,VB6
叶城县人民法院,喀什地区中级人民法院,VB7
麦盖提县人民法院,喀什地区中级人民法院,VB8
岳普湖县人民法院,喀什地区中级人民法院,VB9
伽师县人民法院,喀什地区中级人民法院,VBA
巴楚县人民法院,喀什地区中级人民法院,VBB
塔什库尔干县人民法院,喀什地区中级人民法院,VBC
和田市人民法院,和田地区中级人民法院,VC1
和田县人民法院,和田地区中级人民法院,VC2
墨玉县人民法院,和田地区中级人民法院,VC3
皮山县人民法院,和田地区中级人民法院,VC4
洛浦县人民法院,和田地区中级人民法院,VC5
策勒县人民法院,和田地区中级人民法院,VC6
于田县人民法院,和田地区中级人民法院,VC7
民丰县人民法院,和田地区中级人民法院,VC8
伊宁市人民法院,伊犁哈萨克自治州分院,VD2
奎屯市人民法院,伊犁哈萨克自治州分院,VD1
伊宁县人民法院,伊犁哈萨克自治州分院,VD3
察布查尔锡伯县人民法院,伊犁哈萨克自治州分院,VDA
霍城县人民法院,伊犁哈萨克自治州分院,VD4
巩留县人民法院,伊犁哈萨克自治州分院,VD5
新源县人民法院,伊犁哈萨克自治州分院,VD6
昭苏县人民法院,伊犁哈萨克自治州分院,VD7
特克斯县人民法院,伊犁哈萨克自治州分院,VD8
尼勒克县人民法院,伊犁哈萨克自治州分院,VD9
霍尔果斯市人民法院,伊犁哈萨克自治州分院,VDB
塔城市人民法院,塔城地区中级人民法院,VF1
乌苏市人民法院,塔城地区中级人民法院,VF3
额敏县人民法院,塔城地区中级人民法院,VF2
沙湾县人民法院,塔城地区中级人民法院,VF4
托里县人民法院,塔城地区中级人民法院,VF5
裕民县人民法院,塔城地区中级人民法院,VF6
和布克赛尔县人民法院,塔城地区中级人民法院,VF7
阿勒泰市人民法院,阿勒泰地区中级人民法院,VG1
布尔津县人民法院,阿勒泰地区中级人民法院,VG2
富蕴县人民法院,阿勒泰地区中级人民法院,VG3
福海县人民法院,阿勒泰地区中级人民法院,VG4
哈巴河县人民法院,阿勒泰地区中级人民法院,VG5
青河县人民法院,阿勒泰地区中级人民法院,VG6
吉木乃县人民法院,阿勒泰地区中级人民法院,VG7
乌鲁木齐铁路运输人民法院,乌鲁木齐铁路中级人民法院,VH1
哈密铁路运输人民法院,乌鲁木齐铁路中级人民法院,VH3
库尔勒铁路运输人民法院,乌鲁木齐铁路中级人民法院,VH2
金银川垦区人民法院,新疆生产建设兵团第一师中级人民法院,X11
阿克苏垦区人民法院,新疆生产建设兵团第一师中级人民法院,X12
阿拉尔垦区人民法院,新疆生产建设兵团第一师中级人民法院,X13
阿拉尔市人民法院,新疆生产建设兵团第一师中级人民法院,X13
库尔勒垦区人民法院,新疆生产建设兵团第二师中级人民法院,X21
乌鲁克垦区人民法院,新疆生产建设兵团第二师中级人民法院,
焉耆垦区人民法院,新疆生产建设兵团第二师中级人民法院,
铁门关市人民法院,新疆生产建设兵团第二师中级人民法院,
喀什垦区人民法院,新疆生产建设兵团第三师中级人民法院,X31
图木舒克垦区人民法院,新疆生产建设兵团第三师中级人民法院,
图木舒克市人民法院,新疆生产建设兵团第三师中级人民法院,
霍城垦区人民法院,新疆生产建设兵团第四师中级人民法院,X41
伊宁垦区人民法院,新疆生产建设兵团第四师中级人民法院,
昭苏垦区人民法院,新疆生产建设兵团第四师中级人民法院,
可克达拉市人民法院,新疆生产建设兵团第四师中级人民法院,
塔斯海垦区人民法院,新疆生产建设兵团第五师中级人民法院,X52
博乐垦区人民法院,新疆生产建设兵团第五师中级人民法院,
双河市人民法院,新疆生产建设兵团第五师中级人民法院,
五家渠垦区人民法院,新疆生产建设兵团第六师中级人民法院,X61
奇台垦区人民法院,新疆生产建设兵团第六师中级人民法院,
芳草湖垦区人民法院,新疆生产建设兵团第六师中级人民法院,
五家渠市人民法院,新疆生产建设兵团第六师中级人民法院,X61
奎屯垦区人民法院,新疆生产建设兵团第七师中级人民法院,X71
车排子垦区人民法院,新疆生产建设兵团第七师中级人民法院,X72
下野地垦区人民法院,新疆生产建设兵团第八师中级人民法院,X81
莫索湾垦区人民法院,新疆生产建设兵团第八师中级人民法院,
石河子市人民法院,新疆生产建设兵团第八师中级人民法院,X83
额敏垦区人民法院,新疆生产建设兵团第九师中级人民法院,
叶尔盖提垦区人民法院,新疆生产建设兵团第九师中级人民法院,X92
北屯垦区人民法院,新疆生产建设兵团第十师中级人民法院,XA1
巴里巴盖垦区人民法院,新疆生产建设兵团第十师中级人民法院,XA2
北屯市人民法院,新疆生产建设兵团第十师中级人民法院,XA1
乌鲁木齐垦区人民法院,新疆生产建设兵团第十二师中级人民法院,
三坪垦区人民法院,新疆生产建设兵团第十二师中级人民法院,
哈密垦区人民法院,新疆生产建设兵团第十三师中级人民法院,
巴里坤垦区人民法院,新疆生产建设兵团第十三师中级人民法院,
和田垦区人民法院,新疆生产建设兵团第十四师中级人民法院,XD1
